d,n,m,i,igapols.ft
0.2,5,5,2,1321
0.2,5,5,5,1527
0.2,5,5,4,1432
0.2,5,5,7,1503
0.2,5,5,3,1533
0.2,5,5,6,1539
0.2,5,5,0,1191
0.2,5,5,1,1322
0.2,5,5,10,1267
0.2,5,5,8,1297
0.2,5,5,9,997
0.2,5,5,11,1288
0.2,5,5,13,1344
0.2,5,5,12,1621
0.2,5,5,14,1678
0.2,5,5,15,1248
0.2,5,5,16,1366
0.2,5,5,17,1165
0.2,5,5,18,1217
0.2,5,5,20,1376
0.2,5,5,19,1284
0.2,5,5,22,1217
0.2,5,5,23,1571
0.2,5,5,21,1298
0.2,5,5,26,1397
0.2,5,5,27,1141
0.2,5,5,25,1295
0.2,5,5,28,1592
0.2,5,5,24,1289
0.2,5,5,29,1148
0.2,5,10,0,2276
0.2,5,10,1,2504
0.2,5,10,2,2542
0.2,5,10,5,2496
0.2,5,10,7,2100
0.2,5,10,3,2436
0.2,5,10,6,3105
0.2,5,10,4,2423
0.2,5,10,9,2272
0.2,5,10,8,2154
0.2,5,10,11,2604
0.2,5,10,10,2884
0.2,5,10,12,2542
0.2,5,10,13,2568
0.2,5,10,15,2672
0.2,5,10,14,2545
0.2,5,10,17,2678
0.2,5,10,18,2594
0.2,5,10,16,2473
0.2,5,10,19,2305
0.2,5,10,20,2287
0.2,5,10,21,2211
0.2,5,10,22,2732
0.2,5,10,23,1966
0.2,5,10,24,2409
0.2,5,10,27,2733
0.2,5,10,25,2811
0.2,5,10,28,2202
0.2,5,10,26,2122
0.2,5,10,29,2636
0.2,5,20,0,4939
0.2,5,20,3,4522
0.2,5,20,1,4659
0.2,5,20,2,4543
0.2,5,20,6,4819
0.2,5,20,5,4712
0.2,5,20,4,4761
0.2,5,20,7,4289
0.2,5,20,10,3980
0.2,5,20,11,5011
0.2,5,20,8,4676
0.2,5,20,12,4504
0.2,5,20,13,4627
0.2,5,20,9,4701
0.2,5,20,14,4604
0.2,5,20,15,4672
0.2,5,20,16,4532
0.2,5,20,17,4251
0.2,5,20,19,4582
0.2,5,20,18,4366
0.2,5,20,21,4541
0.2,5,20,20,4056
0.2,5,20,22,4342
0.2,5,20,24,4682
0.2,5,20,23,4463
0.2,5,20,27,4793
0.2,5,20,26,4756
0.2,5,20,25,4843
0.2,5,20,28,4861
0.2,5,30,1,6290
0.2,5,20,29,4759
0.2,5,30,0,6476
0.2,5,30,2,6813
0.2,5,30,3,6713
0.2,5,30,5,6059
0.2,5,30,6,6567
0.2,5,30,4,5921
0.2,5,30,9,6222
0.2,5,30,7,6611
0.2,5,30,8,6767
0.2,5,30,10,6579
0.2,5,30,12,7100
0.2,5,30,11,6662
0.2,5,30,14,7271
0.2,5,30,15,6549
0.2,5,30,13,6934
0.2,5,30,17,6477
0.2,5,30,16,6924
0.2,5,30,18,6795
0.2,5,30,19,6834
0.2,5,30,20,6995
0.2,5,30,23,6431
0.2,5,30,21,7174
0.2,5,30,24,6218
0.2,5,30,25,6898
0.2,5,30,26,6605
0.2,5,30,22,6722
0.2,5,30,27,6923
0.2,5,30,28,6951
0.2,5,30,29,5532
0.2,100,5,1,186034
0.2,100,5,0,185140
0.2,100,5,6,189603
0.2,100,5,3,183226
0.2,100,5,4,181530
0.2,100,5,5,188270
0.2,100,5,7,188488
0.2,100,5,2,189969
0.2,100,5,8,185562
0.2,100,5,11,180160
0.2,100,5,10,178558
0.2,100,5,9,181467
0.2,100,5,12,176035
0.2,100,5,13,190828
0.2,100,5,15,186650
0.2,100,5,14,183139
0.2,100,5,18,185425
0.2,100,5,17,174145
0.2,100,5,16,182921
0.2,100,5,21,193551
0.2,100,5,20,177439
0.2,100,5,22,193414
0.2,100,5,23,171156
0.2,100,5,19,186053
0.2,100,5,24,202918
0.2,100,5,28,178046
0.2,100,5,25,181607
0.2,100,5,29,180431
0.2,100,5,26,181211
0.2,100,5,27,180487
0.2,100,10,0,233057
0.2,100,10,1,231319
0.2,100,10,3,234317
0.2,100,10,5,237795
0.2,100,10,4,234164
0.2,100,10,9,240393
0.2,100,10,6,235813
0.2,100,10,7,238033
0.2,100,10,11,238876
0.2,100,10,12,231452
0.2,100,10,8,231434
0.2,100,10,2,233766
0.2,100,10,13,230209
0.2,100,10,10,235353
0.2,100,10,16,236312
0.2,100,10,18,226607
0.2,100,10,15,231293
0.2,100,10,17,244863
0.2,100,10,20,225323
0.2,100,10,19,234445
0.2,100,10,22,232376
0.2,100,10,23,238135
0.2,100,10,25,215648
0.2,100,10,14,234575
0.2,100,10,24,229638
0.2,100,10,21,212756
0.2,100,10,26,239271
0.2,100,10,27,231936
0.2,100,10,28,235634
0.2,100,10,29,234465
0.2,100,20,1,317150
0.2,100,20,2,319189
0.2,100,20,4,298690
0.2,100,20,0,309636
0.2,100,20,3,323965
0.2,100,20,5,305649
0.2,100,20,8,314496
0.2,100,20,6,305598
0.2,100,20,10,301517
0.2,100,20,7,316305
0.2,100,20,11,307744
0.2,100,20,9,305593
0.2,100,20,12,297429
0.2,100,20,15,312201
0.2,100,20,18,309085
0.2,100,20,14,307098
0.2,100,20,13,307903
0.2,100,20,19,304675
0.2,100,20,20,310432
0.2,100,20,17,304871
0.2,100,20,21,305327
0.2,100,20,16,306100
0.2,100,20,23,303895
0.2,100,20,22,303793
0.2,100,20,24,315842
0.2,100,20,27,313100
0.2,100,20,28,313685
0.2,100,20,25,298927
0.2,100,20,29,310696
0.2,100,20,26,316704
0.2,100,30,2,373067
0.2,100,30,5,389378
0.2,100,30,1,375100
0.2,100,30,7,375947
0.2,100,30,3,386249
0.2,100,30,6,382859
0.2,100,30,4,387651
0.2,100,30,8,380335
0.2,100,30,0,372135
0.2,100,30,11,375854
0.2,100,30,13,380786
0.2,100,30,14,389327
0.2,100,30,12,376856
0.2,100,30,15,380316
0.2,100,30,19,389329
0.2,100,30,10,370635
0.2,100,30,18,377010
0.2,100,30,16,380460
0.2,100,30,17,380967
0.2,100,30,21,377157
0.2,100,30,9,373053
0.2,100,30,22,372422
0.2,100,30,20,377805
0.2,10,5,0,3164
0.2,10,5,1,3764
0.2,10,5,2,4110
0.2,10,5,3,4519
0.2,10,5,4,3167
0.2,10,5,5,3415
0.2,10,5,6,2810
0.2,10,5,7,3814
0.2,10,5,8,3910
0.2,10,5,9,3530
0.2,10,5,10,3270
0.2,10,5,11,3275
0.2,10,5,12,3389
0.2,10,5,13,3656
0.2,10,5,14,3111
0.2,10,5,15,3696
0.2,10,5,16,3967
0.2,100,30,23,377170
0.2,10,5,17,3340
0.2,10,5,18,4377
0.2,10,5,20,3744
0.2,10,5,19,4121
0.2,10,5,21,3270
0.2,10,5,22,3879
0.2,10,5,23,3216
0.2,10,5,24,3889
0.2,10,5,25,3311
0.2,10,5,26,3668
0.2,10,5,27,3975
0.2,10,5,28,2811
0.2,10,5,29,3326
0.2,10,10,0,6806
0.2,10,10,1,5640
0.2,10,10,2,6287
0.2,10,10,3,5956
0.2,10,10,4,5840
0.2,10,10,5,5860
0.2,10,10,6,6330
0.2,10,10,7,6120
0.2,10,10,8,7336
0.2,10,10,9,5582
0.2,10,10,10,5951
0.2,10,10,11,6544
0.2,10,10,13,6496
0.2,10,10,12,5929
0.2,10,10,15,6163
0.2,10,10,14,5335
0.2,10,10,16,6626
0.2,10,10,17,6010
0.2,10,10,18,5952
0.2,10,10,19,5694
0.2,10,10,21,6195
0.2,10,10,20,6104
0.2,10,10,23,5387
0.2,10,10,22,6657
0.2,10,10,24,6181
0.2,10,10,25,6132
0.2,10,10,26,6305
0.2,10,10,27,5640
0.2,10,10,28,5830
0.2,10,10,29,5352
0.2,10,20,0,10651
0.2,10,20,1,10332
0.2,10,20,2,9780
0.2,10,20,3,10137
0.2,10,20,4,11990
0.2,10,20,5,10847
0.2,10,20,6,11238
0.2,10,20,7,10919
0.2,10,20,8,10625
0.2,10,20,9,10211
0.2,10,20,10,10588
0.2,10,20,11,10906
0.2,10,20,12,11429
0.2,10,20,13,11021
0.2,10,20,14,10904
0.2,10,20,15,10603
0.2,10,20,16,10344
0.2,10,20,17,9619
0.2,10,20,18,10820
0.2,10,20,19,9883
0.2,10,20,20,10907
0.2,10,20,21,10236
0.2,10,20,22,9745
0.2,10,20,23,11334
0.2,10,20,24,11391
0.2,10,20,25,10873
0.2,10,20,27,10284
0.2,10,20,26,10994
0.2,10,20,29,10246
0.2,10,20,28,11404
0.2,10,30,0,14342
0.2,10,30,1,14522
0.2,10,30,2,15022
0.2,10,30,3,14365
0.2,10,30,4,13607
0.2,10,30,5,15192
0.2,10,30,6,15446
0.2,10,30,7,14471
0.2,10,30,8,15819
0.2,10,30,9,16281
0.2,10,30,10,16005
0.2,10,30,11,16053
0.2,10,30,12,14613
0.2,10,30,13,14172
0.2,10,30,14,15758
0.2,10,30,15,15152
0.2,10,30,17,14513
0.2,10,30,16,14018
0.2,10,30,18,14450
0.2,10,30,19,15452
0.2,10,30,20,14316
0.2,10,30,21,15301
0.2,10,30,23,14711
0.2,10,30,22,14459
0.2,10,30,24,14145
0.2,10,30,25,14564
0.2,10,30,26,15136
0.2,10,30,27,16058
0.2,10,30,28,15782
0.2,10,30,29,15127
0.2,20,5,1,10982
0.2,20,5,0,10096
0.2,20,5,3,10025
0.2,20,5,2,9980
0.2,20,5,4,10981
0.2,20,5,5,10150
0.2,20,5,6,9880
0.2,20,5,7,11069
0.2,20,5,8,10624
0.2,20,5,9,11288
0.2,20,5,10,9711
0.2,20,5,11,10875
0.2,20,5,12,10591
0.2,20,5,13,10522
0.2,20,5,14,9418
0.2,20,5,15,11655
0.2,20,5,16,9000
0.2,20,5,17,9272
0.2,20,5,18,10414
0.2,20,5,19,10209
0.2,20,5,20,9786
0.2,20,5,21,10837
0.2,20,5,22,10590
0.2,20,5,23,11917
0.2,20,5,24,11271
0.2,20,5,25,8771
0.2,20,5,26,8689
0.2,20,5,27,10152
0.2,20,5,28,9672
0.2,20,5,29,10487
0.2,20,10,0,15784
0.2,20,10,1,14972
0.2,20,10,2,15515
0.2,20,10,3,15607
0.2,20,10,5,14557
0.2,20,10,4,15223
0.2,20,10,7,15400
0.2,20,10,6,16674
0.2,20,10,9,16451
0.2,20,10,8,17271
0.2,20,10,11,14800
0.2,20,10,10,17417
0.2,20,10,12,15028
0.2,20,10,13,16430
0.2,20,10,15,16895
0.2,20,10,14,16494
0.2,20,10,16,16041
0.2,20,10,17,17063
0.2,20,10,18,16048
0.2,20,10,19,16277
0.2,20,10,20,15144
0.2,20,10,21,15580
0.2,20,10,22,14974
0.2,20,10,23,16040
0.2,20,10,25,15706
0.2,20,10,24,17032
0.2,20,10,26,15637
0.2,20,10,27,15735
0.2,20,10,28,17029
0.2,20,10,29,14912
0.2,20,20,1,26450
0.2,20,20,0,26381
0.2,20,20,2,26846
0.2,20,20,3,26861
0.2,100,30,26,380362
0.2,20,20,4,25252
0.2,20,20,5,26559
0.2,20,20,7,25529
0.2,20,20,6,27325
0.2,20,20,8,27827
0.2,20,20,10,25807
0.2,20,20,9,25526
0.2,20,20,11,25459
0.2,20,20,12,26038
0.2,20,20,14,25514
0.2,20,20,13,26788
0.2,20,20,15,26509
0.2,20,20,16,28138
0.2,20,20,17,25375
0.2,20,20,18,26104
0.2,20,20,19,26802
0.2,20,20,20,26591
0.2,20,20,21,25758
0.2,20,20,22,26069
0.2,20,20,23,27065
0.2,20,20,24,25798
0.2,20,20,25,26166
0.2,20,20,26,24991
0.2,100,30,27,380290
0.2,20,20,27,25926
0.2,20,20,28,26519
0.2,20,20,29,26342
0.2,20,30,0,36486
0.2,20,30,1,37322
0.2,20,30,3,36151
0.2,20,30,2,36130
0.2,20,30,4,34598
0.2,20,30,5,36306
0.2,20,30,7,34040
0.2,20,30,6,36740
0.2,100,30,24,373162
0.2,20,30,8,34586
0.2,20,30,10,33957
0.2,20,30,9,35574
0.2,20,30,12,33708
0.2,20,30,11,34386
0.2,20,30,13,34948
0.2,20,30,14,36153
0.2,20,30,15,37091
0.2,20,30,16,37984
0.2,20,30,17,34980
0.2,20,30,18,37016
0.2,20,30,19,37018
0.2,20,30,20,35789
0.2,20,30,21,35316
0.2,20,30,23,35818
0.2,20,30,22,39042
0.2,20,30,26,36107
0.2,20,30,24,35535
0.2,20,30,27,36694
0.2,20,30,25,36997
0.2,20,30,28,35835
0.2,30,5,0,18400
0.2,30,5,1,21963
0.2,30,5,2,20562
0.2,30,5,3,20335
0.2,30,5,4,16364
0.2,20,30,29,35133
0.2,30,5,5,24228
0.2,30,5,7,20492
0.2,30,5,6,21462
0.2,30,5,8,20291
0.2,30,5,9,20825
0.2,30,5,10,19909
0.2,30,5,11,21298
0.2,30,5,12,20427
0.2,30,5,13,19131
0.2,30,5,15,20557
0.2,30,5,14,19378
0.2,30,5,16,19932
0.2,30,5,18,20942
0.2,30,5,17,18972
0.2,30,5,20,19413
0.2,30,5,19,21013
0.2,30,5,21,19029
0.2,30,5,23,20687
0.2,30,5,22,20203
0.2,30,5,24,19395
0.2,30,5,25,17272
0.2,30,5,26,20712
0.2,30,5,28,20725
0.2,30,5,27,18629
0.2,30,5,29,18563
0.2,30,10,0,27751
0.2,30,10,1,28494
0.2,30,10,3,29569
0.2,30,10,4,28360
0.2,30,10,2,28563
0.2,30,10,6,28897
0.2,30,10,7,32381
0.2,30,10,5,29312
0.2,30,10,8,29302
0.2,30,10,9,30272
0.2,30,10,12,27608
0.2,30,10,11,31205
0.2,30,10,10,29812
0.2,30,10,13,28948
0.2,30,10,14,30627
0.2,100,30,25,377432
0.2,30,10,15,29354
0.2,30,10,16,29208
0.2,30,10,17,30088
0.2,30,10,19,28777
0.2,30,10,18,32991
0.2,30,10,20,30317
0.2,30,10,21,28113
0.2,30,10,22,35061
0.2,30,10,23,27317
0.2,30,10,24,30124
0.2,30,10,26,29278
0.2,30,10,25,30019
0.2,30,10,27,30496
0.2,30,10,28,29243
0.2,30,10,29,27764
0.2,30,20,2,47243
0.2,30,20,0,45646
0.2,30,20,4,47525
0.2,30,20,3,44732
0.2,30,20,1,45687
0.2,30,20,5,47302
0.2,30,20,6,48116
0.2,30,20,7,47616
0.2,30,20,8,47380
0.2,30,20,10,46790
0.2,30,20,11,47634
0.2,30,20,9,46276
0.2,30,20,13,48646
0.2,30,20,14,47694
0.2,30,20,12,46436
0.2,30,20,15,48751
0.2,30,20,17,49889
0.2,30,20,16,45867
0.2,30,20,18,46029
0.2,30,20,20,47154
0.2,30,20,19,44726
0.2,30,20,21,45388
0.2,30,20,22,45147
0.2,30,20,23,48951
0.2,30,20,25,47944
0.2,30,20,24,48214
0.2,30,20,26,48365
0.2,30,20,27,44952
0.2,30,20,28,45805
0.2,30,20,29,45980
0.2,100,30,28,378216
0.2,30,30,1,60554
0.2,30,30,2,63712
0.2,30,30,3,61654
0.2,30,30,5,63202
0.2,30,30,6,61469
0.2,30,30,4,64406
0.2,30,30,0,60807
0.2,30,30,8,63283
0.2,30,30,7,60939
0.2,30,30,9,63312
0.2,30,30,10,62283
0.2,30,30,11,62617
0.2,30,30,12,63023
0.2,30,30,14,60672
0.2,30,30,16,62467
0.2,30,30,15,62736
0.2,30,30,18,63162
0.2,30,30,17,62081
0.2,30,30,13,62575
0.2,30,30,19,61312
0.2,30,30,20,61949
0.2,30,30,21,60144
0.2,30,30,22,63513
0.2,30,30,24,62377
0.2,30,30,25,65005
0.2,30,30,26,61420
0.2,30,30,23,59582
0.2,30,30,29,64640
0.2,30,30,28,59666
0.2,30,30,27,62076
0.2,50,5,0,46067
0.2,50,5,2,54519
0.2,50,5,1,44157
0.2,50,5,3,45297
0.2,50,5,4,46219
0.2,50,5,5,44904
0.2,50,5,9,51452
0.2,50,5,6,55259
0.2,50,5,7,54769
0.2,50,5,8,55983
0.2,50,5,10,49140
0.2,50,5,11,46946
0.2,50,5,12,52662
0.2,50,5,13,47776
0.2,50,5,15,54329
0.2,50,5,16,57071
0.2,50,5,17,49329
0.2,50,5,14,53685
0.2,50,5,18,46069
0.2,50,5,19,49362
0.2,50,5,21,50101
0.2,50,5,20,50824
0.2,50,5,22,50344
0.2,50,5,23,52078
0.2,50,5,24,51969
0.2,50,5,25,56639
0.2,50,5,26,53240
0.2,50,5,28,52209
0.2,50,5,27,48019
0.2,50,5,29,55353
0.2,50,10,0,66020
0.2,50,10,1,66298
0.2,50,10,3,65036
0.2,50,10,4,69703
0.2,50,10,2,69685
0.2,50,10,6,69889
0.2,50,10,5,63580
0.2,50,10,7,70288
0.2,50,10,8,66101
0.2,50,10,9,68450
0.2,50,10,10,68706
0.2,50,10,11,65431
0.2,50,10,13,72246
0.2,50,10,12,66075
0.2,50,10,14,67759
0.2,50,10,16,67116
0.2,50,10,17,65634
0.2,50,10,15,65842
0.2,50,10,18,66576
0.2,50,10,19,68057
0.2,50,10,22,69650
0.2,50,10,21,70127
0.2,50,10,23,69136
0.2,50,10,20,67828
0.2,50,10,26,72373
0.2,50,10,24,65267
0.2,50,10,28,66850
0.2,50,10,25,66841
0.2,50,10,27,73422
0.2,50,10,29,70923
0.2,50,20,0,100864
0.2,50,20,1,97212
0.2,100,30,29,374242
0.2,50,20,5,98568
0.2,50,20,4,98477
0.2,50,20,3,98617
0.2,50,20,7,96251
0.2,50,20,2,95878
0.2,50,20,10,101271
0.2,50,20,6,98670
0.2,50,20,12,98080
0.2,50,20,9,98904
0.2,50,20,11,100269
0.2,50,20,8,101315
0.2,50,20,13,100366
0.2,50,20,14,97412
0.2,50,20,16,99477
0.2,50,20,15,95247
0.2,50,20,19,100069
0.2,50,20,17,101728
0.2,50,20,18,98562
0.2,50,20,20,98161
0.2,50,20,21,101772
0.2,50,20,25,98378
0.2,50,20,22,99101
0.2,50,20,27,100114
0.2,50,20,23,97317
0.2,50,20,26,101423
0.2,50,20,24,100337
0.2,50,20,28,103621
0.2,50,20,29,100346
0.2,50,30,2,130152
0.2,50,30,3,131594
0.2,50,30,0,127550
0.2,50,30,4,132454
0.2,50,30,1,131108
0.2,50,30,5,134644
0.2,50,30,6,126309
0.2,50,30,7,126156
0.2,50,30,10,133937
0.2,50,30,8,123887
0.2,50,30,11,128473
0.2,50,30,9,129452
0.2,50,30,14,127698
0.2,50,30,13,125908
0.2,50,30,15,129615
0.2,50,30,18,129903
0.2,50,30,17,122725
0.2,50,30,12,131021
0.2,50,30,16,130324
0.2,50,30,23,127109
0.2,50,30,20,133991
0.2,50,30,21,127248
0.2,50,30,22,126246
0.3,5,5,0,1171
0.3,5,5,1,1058
0.3,5,5,2,1108
0.3,5,5,3,1245
0.3,5,5,4,956
0.3,5,5,5,1002
0.3,5,5,6,1060
0.3,5,5,7,1531
0.3,5,5,8,1138
0.3,5,5,9,1053
0.2,50,30,24,129765
0.3,5,5,10,1092
0.3,5,5,11,805
0.3,5,5,12,1126
0.3,5,5,13,1066
0.3,5,5,14,909
0.3,5,5,15,1004
0.2,50,30,25,126320
0.3,5,5,16,1243
0.3,5,5,17,1187
0.3,5,5,18,1123
0.3,5,5,19,1342
0.3,5,5,20,1513
0.3,5,5,21,1124
0.3,5,5,23,1572
0.3,5,5,22,1236
0.3,5,5,24,1028
0.3,5,5,25,1372
0.3,5,5,26,1380
0.3,5,5,27,1169
0.3,5,5,28,1339
0.3,5,5,29,1003
0.3,5,10,0,1852
0.3,5,10,1,2157
0.3,5,10,2,1658
0.3,5,10,4,2236
0.3,5,10,3,2076
0.3,5,10,5,2330
0.3,5,10,6,2097
0.3,5,10,7,2151
0.3,5,10,8,2483
0.3,5,10,10,2004
0.3,5,10,9,2423
0.3,5,10,11,2244
0.3,5,10,13,2092
0.3,5,10,12,2428
0.3,5,10,14,2335
0.3,5,10,15,2244
0.3,5,10,16,1917
0.3,5,10,17,1860
0.3,5,10,18,2301
0.3,5,10,19,2073
0.3,5,10,20,1949
0.3,5,10,21,2278
0.3,5,10,22,2023
0.3,5,10,23,2124
0.3,5,10,24,2148
0.3,5,10,25,2029
0.3,5,10,26,2139
0.3,5,10,27,2436
0.3,5,10,28,2173
0.3,5,10,29,2488
0.3,5,20,0,4274
0.3,5,20,1,4600
0.3,5,20,2,3435
0.3,5,20,5,4710
0.3,5,20,3,4174
0.3,5,20,4,4433
0.3,5,20,6,3877
0.3,5,20,8,3780
0.3,5,20,7,3469
0.3,5,20,9,3974
0.3,5,20,10,4142
0.3,5,20,11,4001
0.2,50,30,19,122241
0.3,5,20,13,4277
0.3,5,20,12,4190
0.3,5,20,14,4340
0.3,5,20,15,3405
0.3,5,20,17,3631
0.3,5,20,19,4250
0.3,5,20,16,4031
0.3,5,20,18,4537
0.3,5,20,20,4086
0.3,5,20,21,3887
0.3,5,20,22,4399
0.3,5,20,23,3621
0.3,5,20,24,3600
0.3,5,20,26,3767
0.3,5,20,25,4076
0.3,5,20,27,4746
0.3,5,20,28,4049
0.3,5,20,29,4129
0.3,5,30,0,5387
0.3,5,30,2,6234
0.3,5,30,3,5480
0.3,5,30,1,6185
0.3,5,30,4,5986
0.3,5,30,5,5730
0.3,5,30,7,5973
0.3,5,30,6,5985
0.3,5,30,8,6309
0.3,5,30,10,5743
0.3,5,30,9,6022
0.3,5,30,11,5618
0.3,5,30,12,5546
0.3,5,30,13,6565
0.3,5,30,14,6428
0.3,5,30,15,5579
0.3,5,30,16,6111
0.3,5,30,17,5456
0.3,5,30,18,5677
0.3,5,30,19,6044
0.3,5,30,20,5999
0.3,5,30,21,5691
0.3,5,30,23,5056
0.3,5,30,22,5579
0.3,5,30,24,6107
0.3,5,30,25,5990
0.3,5,30,26,5601
0.3,5,30,28,6448
0.3,5,30,27,6309
0.3,5,30,29,5809
0.2,50,30,26,129729
0.2,50,30,27,129453
0.2,50,30,28,127924
0.2,50,30,29,128452
0.3,100,5,0,153831
0.3,100,5,1,157724
0.3,100,5,2,141270
0.3,100,5,3,155329
0.3,100,5,4,143478
0.3,100,5,5,155589
0.3,100,5,6,155371
0.3,100,5,11,144336
0.3,100,5,7,148831
0.3,100,5,9,165575
0.3,100,5,10,149744
0.3,100,5,12,162063
0.3,100,5,8,159943
0.3,100,5,13,149238
0.3,100,5,14,152492
0.3,100,5,15,144343
0.3,100,5,17,153018
0.3,100,5,18,157496
0.3,100,5,16,161131
0.3,100,5,20,148585
0.3,100,5,21,149007
0.3,100,5,22,155478
0.3,100,5,24,154033
0.3,100,5,19,161946
0.3,100,5,23,158626
0.3,100,5,26,155693
0.3,100,5,25,157089
0.3,100,5,28,157978
0.3,100,5,27,151239
0.3,100,10,1,190612
0.3,100,5,29,149289
0.3,100,10,0,189882
0.3,100,10,2,199719
0.3,100,10,5,199702
0.3,100,10,6,209628
0.3,100,10,3,207173
0.3,100,10,10,199751
0.3,100,10,8,195677
0.3,100,10,4,199203
0.3,100,10,9,188823
0.3,100,10,7,195533
0.3,100,10,12,199852
0.3,100,10,16,201963
0.3,100,10,11,199854
0.3,100,10,13,206093
0.3,100,10,15,196355
0.3,100,10,14,198193
0.3,100,10,18,198016
0.3,100,10,20,200960
0.3,100,10,19,199096
0.3,100,10,22,199642
0.3,100,10,23,204192
0.3,100,10,24,191981
0.3,100,10,21,190288
0.3,100,10,25,203712
0.3,100,10,29,191620
0.3,100,10,17,200181
0.3,100,10,26,198944
0.3,100,10,28,197002
0.3,100,10,27,179826
0.3,100,20,0,263884
0.3,100,20,1,269018
0.3,100,20,3,274552
0.3,100,20,6,274646
0.3,100,20,2,266189
0.3,100,20,4,260379
0.3,100,20,9,269511
0.3,100,20,8,263182
0.3,100,20,11,266185
0.3,100,20,12,280467
0.3,100,20,13,271793
0.3,100,20,7,269813
0.3,100,20,5,269891
0.3,100,20,10,265006
0.3,100,20,14,271388
0.3,100,20,16,273388
0.3,100,20,17,275287
0.3,100,20,15,276053
0.3,100,20,20,266857
0.3,100,20,18,260290
0.3,100,20,19,278778
0.3,100,20,21,272236
0.3,100,20,22,266689
0.3,100,20,24,270943
0.3,100,20,25,278692
0.3,100,20,26,265599
0.3,100,20,23,272573
0.3,100,20,27,279460
0.3,100,20,28,264546
0.3,100,20,29,275522
0.3,100,30,2,336733
0.3,100,30,4,334884
0.3,100,30,5,333981
0.3,100,30,1,332550
0.3,100,30,3,342615
0.3,100,30,6,337386
0.3,100,30,10,333198
0.3,100,30,13,330860
0.3,100,30,9,346280
0.3,100,30,8,340644
0.3,100,30,11,325789
0.3,100,30,12,329479
0.3,100,30,0,344711
0.3,100,30,7,336755
0.3,100,30,15,337805
0.3,100,30,14,328492
0.3,100,30,17,336172
0.3,100,30,19,340830
0.3,100,30,18,333790
0.3,100,30,20,333066
0.3,100,30,16,335574
0.3,100,30,24,327478
0.3,100,30,22,332796
0.3,10,5,0,3097
0.3,10,5,1,3206
0.3,10,5,2,2707
0.3,10,5,3,2850
0.3,10,5,4,2537
0.3,10,5,5,3169
0.3,10,5,6,3249
0.3,10,5,7,2423
0.3,10,5,8,3382
0.3,10,5,9,3146
0.3,10,5,10,3106
0.3,10,5,11,3418
0.3,10,5,12,3539
0.3,10,5,13,2744
0.3,10,5,14,3133
0.3,10,5,15,3286
0.3,10,5,16,2968
0.3,10,5,17,3502
0.3,10,5,18,3274
0.3,10,5,19,3361
0.3,10,5,20,2786
0.3,10,5,21,2739
0.3,10,5,22,2777
0.3,10,5,23,3486
0.3,10,5,24,2762
0.3,10,5,25,3137
0.3,10,5,26,3063
0.3,10,5,27,2565
0.3,10,5,28,3585
0.3,10,5,29,3097
0.3,10,10,0,5129
0.3,10,10,1,5030
0.3,10,10,2,4982
0.3,10,10,3,4704
0.3,10,10,4,4739
0.3,10,10,5,4487
0.3,10,10,6,4742
0.3,10,10,7,4857
0.3,10,10,8,5007
0.3,10,10,9,5211
0.3,10,10,10,5553
0.3,10,10,11,5706
0.3,10,10,12,5400
0.3,100,30,21,336848
0.3,10,10,13,5021
0.3,10,10,14,5612
0.3,10,10,15,4731
0.3,10,10,16,5093
0.3,10,10,18,5050
0.3,10,10,17,4826
0.3,10,10,19,5011
0.3,10,10,20,5900
0.3,10,10,22,4942
0.3,10,10,21,5156
0.3,10,10,23,5207
0.3,10,10,24,5283
0.3,10,10,25,5377
0.3,10,10,26,5794
0.3,10,10,27,5134
0.3,10,10,28,5357
0.3,10,10,29,5099
0.3,10,20,0,9656
0.3,10,20,1,9737
0.3,10,20,2,10657
0.3,10,20,3,9813
0.3,10,20,4,8990
0.3,10,20,5,8782
0.3,10,20,6,8588
0.3,10,20,7,8174
0.3,10,20,8,9336
0.3,10,20,9,9084
0.3,10,20,10,9337
0.3,10,20,11,9860
0.3,10,20,12,9900
0.3,10,20,13,8713
0.3,10,20,14,8875
0.3,10,20,15,9739
0.3,10,20,16,8984
0.3,10,20,17,9303
0.3,10,20,18,9414
0.3,10,20,19,9685
0.3,10,20,20,9013
0.3,10,20,21,9851
0.3,10,20,22,9906
0.3,10,20,23,9161
0.3,10,20,24,8841
0.3,10,20,25,9292
0.3,10,20,26,9754
0.3,100,30,23,339312
0.3,10,20,27,9347
0.3,10,20,28,8071
0.3,10,20,29,8565
0.3,10,30,0,13407
0.3,10,30,1,13214
0.3,10,30,2,12870
0.3,10,30,3,13384
0.3,10,30,4,12015
0.3,10,30,5,13218
0.3,10,30,6,13002
0.3,10,30,7,12897
0.3,10,30,8,12976
0.3,10,30,9,12518
0.3,10,30,10,13308
0.3,10,30,11,13432
0.3,10,30,12,12718
0.3,10,30,13,13681
0.3,10,30,14,13986
0.3,10,30,15,12646
0.3,10,30,17,12971
0.3,10,30,16,13388
0.3,10,30,18,13606
0.3,10,30,19,14589
0.3,10,30,20,13114
0.3,10,30,21,13937
0.3,10,30,22,14043
0.3,10,30,23,13052
0.3,10,30,24,14715
0.3,10,30,25,14595
0.3,10,30,26,12672
0.3,10,30,27,13532
0.3,10,30,29,13928
0.3,10,30,28,12899
0.3,20,5,0,9447
0.3,20,5,2,8685
0.3,20,5,1,9015
0.3,20,5,3,8145
0.3,20,5,5,9147
0.3,20,5,4,8452
0.3,20,5,6,8896
0.3,20,5,8,7890
0.3,20,5,7,9238
0.3,20,5,9,9264
0.3,20,5,10,8599
0.3,20,5,11,11548
0.3,20,5,12,7862
0.3,20,5,13,7992
0.3,20,5,14,7682
0.3,20,5,15,9252
0.3,20,5,16,8312
0.3,20,5,17,9567
0.3,20,5,18,9554
0.3,20,5,19,9833
0.3,20,5,20,7544
0.3,20,5,21,9012
0.3,20,5,22,8229
0.3,20,5,23,7797
0.3,20,5,24,9239
0.3,20,5,25,8722
0.3,20,5,26,9537
0.3,20,5,27,9899
0.3,20,5,28,8583
0.3,20,5,29,9036
0.3,20,10,0,14091
0.3,20,10,1,13488
0.3,20,10,2,12546
0.3,20,10,3,13011
0.3,20,10,4,13413
0.3,20,10,5,13848
0.3,20,10,6,13354
0.3,20,10,7,13118
0.3,20,10,8,13309
0.3,20,10,9,13795
0.3,20,10,10,13006
0.3,20,10,11,12992
0.3,20,10,12,15159
0.3,20,10,13,14351
0.3,20,10,14,13615
0.3,20,10,15,13102
0.3,20,10,16,14077
0.3,20,10,17,14469
0.3,20,10,19,11667
0.3,20,10,18,14749
0.3,20,10,20,14557
0.3,20,10,21,14338
0.3,20,10,22,13536
0.3,20,10,23,14698
0.3,20,10,24,13649
0.3,20,10,25,13517
0.3,20,10,26,14277
0.3,20,10,27,13502
0.3,20,10,28,14346
0.3,20,10,29,13579
0.3,20,20,1,22688
0.3,20,20,0,22538
0.3,20,20,2,21391
0.3,20,20,3,23505
0.3,20,20,4,22627
0.3,20,20,5,20461
0.3,20,20,7,22154
0.3,20,20,6,23701
0.3,20,20,8,24778
0.3,20,20,9,24676
0.3,20,20,10,22387
0.3,20,20,11,22795
0.3,20,20,12,24279
0.3,20,20,14,22331
0.3,20,20,13,21475
0.3,20,20,16,22318
0.3,20,20,17,22441
0.3,20,20,15,23443
0.3,20,20,20,23133
0.3,20,20,19,21543
0.3,20,20,18,22792
0.3,20,20,21,24095
0.3,20,20,23,24878
0.3,20,20,22,22849
0.3,20,20,25,23281
0.3,20,20,24,23404
0.3,20,20,26,23928
0.3,20,20,27,22587
0.3,20,20,29,21168
0.3,20,20,28,22770
0.3,20,30,1,29304
0.3,20,30,0,31049
0.3,20,30,2,31739
0.3,20,30,5,33623
0.3,20,30,3,34281
0.3,20,30,4,31632
0.3,20,30,7,33095
0.3,20,30,6,32552
0.3,20,30,8,30486
0.3,100,30,27,337834
0.3,20,30,9,30967
0.3,20,30,10,31970
0.3,20,30,12,32339
0.3,20,30,13,32117
0.3,20,30,11,32923
0.3,20,30,14,31178
0.3,20,30,15,31610
0.3,20,30,16,32930
0.3,20,30,17,33171
0.3,20,30,18,31988
0.3,20,30,20,32638
0.3,20,30,19,30280
0.3,20,30,21,30521
0.3,20,30,22,29023
0.3,20,30,23,32907
0.3,20,30,24,32274
0.3,20,30,26,32635
0.3,20,30,28,29769
0.3,20,30,25,31820
0.3,20,30,27,30562
0.3,20,30,29,32332
0.3,30,5,0,16542
0.3,30,5,1,17043
0.3,30,5,2,18823
0.3,30,5,3,16359
0.3,30,5,4,21162
0.3,30,5,5,17168
0.3,30,5,6,16178
0.3,30,5,7,19293
0.3,30,5,8,17527
0.3,30,5,10,18134
0.3,30,5,9,18422
0.3,30,5,11,16610
0.3,30,5,12,17840
0.3,30,5,13,16842
0.3,30,5,14,18853
0.3,30,5,15,15691
0.3,30,5,16,15888
0.3,30,5,17,15840
0.3,30,5,18,16820
0.3,30,5,19,15323
0.3,30,5,20,18758
0.3,30,5,21,16068
0.3,30,5,22,16697
0.3,30,5,23,16973
0.3,30,5,25,14991
0.3,30,5,24,20593
0.3,30,5,26,17607
0.3,30,5,27,16566
0.3,30,5,28,16487
0.3,30,5,29,18057
0.3,30,10,0,25418
0.3,100,30,28,332384
0.3,30,10,1,25911
0.3,30,10,3,25021
0.3,30,10,2,24034
0.3,30,10,5,23729
0.3,30,10,4,25273
0.3,30,10,6,24793
0.3,30,10,7,25702
0.3,30,10,8,25427
0.3,30,10,9,23769
0.3,100,30,26,334171
0.3,30,10,10,25512
0.3,100,30,25,319185
0.3,30,10,12,26704
0.3,30,10,11,26357
0.3,30,10,13,25213
0.3,30,10,15,24215
0.3,30,10,14,28154
0.3,30,10,17,23380
0.3,30,10,16,26173
0.3,30,10,20,24947
0.3,30,10,19,24142
0.3,30,10,18,25730
0.3,30,10,21,25041
0.3,30,10,22,25682
0.3,30,10,23,23818
0.3,30,10,24,25174
0.3,30,10,25,23424
0.3,30,10,26,26240
0.3,30,10,27,27156
0.3,30,10,28,25469
0.3,30,10,29,25643
0.3,30,20,1,43593
0.3,30,20,4,42785
0.3,30,20,2,40852
0.3,30,20,0,37569
0.3,30,20,3,40753
0.3,30,20,6,40387
0.3,30,20,5,42689
0.3,30,20,7,40817
0.3,30,20,8,40430
0.3,30,20,9,40347
0.3,30,20,10,41054
0.3,30,20,11,41969
0.3,30,20,13,41008
0.3,30,20,12,40566
0.3,30,20,15,39929
0.3,30,20,14,41022
0.3,30,20,18,41096
0.3,30,20,17,40009
0.3,30,20,19,41734
0.3,30,20,16,38280
0.3,30,20,21,41765
0.3,30,20,20,39286
0.3,30,20,22,41399
0.3,30,20,24,40248
0.3,30,20,23,42718
0.3,30,20,26,40690
0.3,30,20,25,39579
0.3,30,20,27,40829
0.3,30,20,29,43556
0.3,30,20,28,40740
0.3,30,30,3,55311
0.3,30,30,1,56448
0.3,30,30,0,53154
0.3,30,30,2,55685
0.3,30,30,5,54876
0.3,30,30,4,53883
0.3,30,30,6,56887
0.3,30,30,7,53202
0.3,30,30,8,52432
0.3,30,30,9,56093
0.3,30,30,11,54269
0.3,30,30,10,56171
0.3,30,30,12,56550
0.3,30,30,13,54977
0.3,30,30,15,57042
0.3,30,30,14,58059
0.3,30,30,16,53052
0.3,30,30,17,52661
0.3,30,30,20,54088
0.3,30,30,18,53460
0.3,30,30,23,56515
0.3,30,30,19,53606
0.3,30,30,21,56328
0.3,30,30,24,55041
0.3,30,30,22,55215
0.3,30,30,26,54573
0.3,50,5,0,47883
0.3,30,30,28,54219
0.3,30,30,27,56896
0.3,50,5,1,42856
0.3,30,30,29,56120
0.3,50,5,3,41513
0.3,50,5,2,42726
0.3,30,30,25,54182
0.3,50,5,4,40555
0.3,50,5,5,40420
0.3,50,5,6,41536
0.3,50,5,7,43519
0.3,50,5,9,36433
0.3,50,5,8,40621
0.3,50,5,10,39999
0.3,50,5,11,44675
0.3,100,30,29,331386
0.3,50,5,12,38929
0.3,50,5,13,41268
0.3,50,5,16,41053
0.3,50,5,14,42457
0.3,50,5,15,43738
0.3,50,5,18,37918
0.3,50,5,17,40202
0.3,50,5,20,43170
0.3,50,5,23,37148
0.3,50,5,24,47164
0.3,50,5,21,42282
0.3,50,5,19,43325
0.3,50,5,26,37275
0.3,50,5,22,47205
0.3,50,5,25,41286
0.3,50,5,27,45927
0.3,50,5,28,51580
0.3,50,5,29,44564
0.3,50,10,0,57989
0.3,50,10,2,54669
0.3,50,10,3,55742
0.3,50,10,4,58974
0.3,50,10,1,55556
0.3,50,10,5,60115
0.3,50,10,7,56455
0.3,50,10,8,59473
0.3,50,10,6,58480
0.3,50,10,10,59491
0.3,50,10,11,55470
0.3,50,10,9,59567
0.3,50,10,14,56191
0.3,50,10,13,70538
0.3,50,10,12,56239
0.3,50,10,16,54901
0.3,50,10,15,57834
0.3,50,10,17,58260
0.3,50,10,18,56131
0.3,50,10,20,59448
0.3,50,10,19,57157
0.3,50,10,21,59186
0.3,50,10,22,62212
0.3,50,10,23,57095
0.3,50,10,24,57988
0.3,50,10,26,59424
0.3,50,10,25,56817
0.3,50,10,28,58266
0.3,50,10,29,59037
0.3,50,10,27,60327
0.3,50,20,2,88797
0.3,50,20,3,83855
0.3,50,20,1,86232
0.3,50,20,6,87322
0.3,50,20,7,86070
0.3,50,20,5,86554
0.3,50,20,4,87470
0.3,50,20,0,81886
0.3,50,20,9,85204
0.3,50,20,11,89020
0.3,50,20,12,85900
0.3,50,20,8,90229
0.3,50,20,10,89081
0.3,50,20,13,89216
0.3,50,20,15,81528
0.3,50,20,14,84916
0.3,50,20,16,85609
0.3,50,20,18,88261
0.3,50,20,19,86309
0.3,50,20,20,86658
0.3,50,20,22,90304
0.3,50,20,17,87267
0.3,50,20,21,86302
0.3,50,20,24,86534
0.3,50,20,23,86957
0.3,50,20,25,93207
0.3,50,20,26,89449
0.3,50,20,27,87852
0.3,50,20,28,88898
0.3,50,20,29,84383
0.3,50,30,2,114866
0.3,50,30,4,112421
0.3,50,30,5,113115
0.3,50,30,6,117936
0.3,50,30,3,113951
0.3,50,30,1,110333
0.3,50,30,7,110825
0.3,50,30,9,112794
0.3,50,30,12,115448
0.3,50,30,0,114145
0.3,50,30,14,111529
0.3,50,30,11,112060
0.3,50,30,8,111522
0.3,50,30,10,113942
0.3,50,30,13,113879
0.3,50,30,16,113401
0.3,50,30,18,114455
0.3,50,30,21,110489
0.3,50,30,19,115247
0.3,50,30,20,113012
0.3,50,30,15,112727
0.3,50,30,17,111544
0.3,50,30,22,114328
0.4,5,5,0,864
0.4,5,5,1,906
0.4,5,5,2,1186
0.4,5,5,3,882
0.4,5,5,4,1011
0.4,5,5,5,1108
0.4,5,5,6,1025
0.4,5,5,7,1096
0.4,5,5,8,896
0.4,5,5,9,1170
0.4,5,5,10,762
0.4,5,5,11,1063
0.4,5,5,12,1113
0.4,5,5,13,991
0.4,5,5,14,896
0.4,5,5,15,546
0.4,5,5,16,838
0.4,5,5,17,912
0.4,5,5,18,1111
0.4,5,5,19,845
0.4,5,5,20,959
0.4,5,5,21,910
0.4,5,5,22,763
0.4,5,5,23,915
0.4,5,5,24,1014
0.4,5,5,25,900
0.4,5,5,26,1139
0.4,5,5,27,945
0.4,5,5,28,874
0.4,5,5,29,961
0.4,5,10,0,2094
0.4,5,10,1,1563
0.4,5,10,2,2226
0.4,5,10,3,1485
0.4,5,10,4,1452
0.4,5,10,5,2003
0.4,5,10,6,1487
0.4,5,10,7,1650
0.4,5,10,8,1761
0.4,5,10,9,1931
0.4,5,10,10,2220
0.4,5,10,11,1551
0.4,5,10,12,2206
0.4,5,10,13,1547
0.4,5,10,14,1892
0.4,5,10,15,1389
0.4,5,10,16,1937
0.4,5,10,17,1821
0.4,5,10,18,1972
0.4,5,10,19,2061
0.4,5,10,20,1583
0.4,5,10,21,1455
0.4,5,10,22,2167
0.4,5,10,23,1766
0.4,5,10,24,1914
0.4,5,10,25,1815
0.4,5,10,26,2038
0.4,5,10,27,1420
0.4,5,10,28,1975
0.4,5,10,29,1689
0.4,5,20,0,2886
0.4,5,20,1,3512
0.4,5,20,2,3924
0.4,5,20,3,3632
0.4,5,20,4,3693
0.4,5,20,5,3699
0.4,5,20,6,3603
0.4,5,20,7,3539
0.4,5,20,8,3186
0.4,5,20,9,3495
0.4,5,20,10,3084
0.4,5,20,11,3667
0.4,5,20,12,3603
0.4,5,20,13,3492
0.4,5,20,14,3797
0.4,5,20,15,3037
0.4,5,20,16,3545
0.4,5,20,17,3362
0.3,50,30,25,115176
0.4,5,20,18,3499
0.4,5,20,19,3192
0.4,5,20,20,3218
0.3,50,30,23,111926
0.4,5,20,22,3323
0.4,5,20,21,3622
0.4,5,20,23,3395
0.4,5,20,26,3466
0.4,5,20,24,3689
0.4,5,20,25,3664
0.4,5,20,28,3858
0.4,5,20,27,3519
0.4,5,20,29,3440
0.4,5,30,0,4764
0.4,5,30,1,4789
0.4,5,30,2,5173
0.4,5,30,3,5166
0.4,5,30,4,4599
0.4,5,30,5,5248
0.4,5,30,6,4397
0.4,5,30,7,4859
0.4,5,30,8,5737
0.4,5,30,9,4356
0.4,5,30,10,4886
0.4,5,30,11,5103
0.4,5,30,12,4976
0.4,5,30,13,4926
0.4,5,30,14,5221
0.4,5,30,15,4727
0.4,5,30,16,5051
0.4,5,30,17,4901
0.4,5,30,18,5476
0.4,5,30,19,4922
0.4,5,30,20,5251
0.4,5,30,21,5095
0.4,5,30,22,4895
0.4,5,30,23,4964
0.4,5,30,24,5677
0.4,5,30,25,4924
0.4,5,30,27,4847
0.4,5,30,26,5233
0.4,5,30,28,5514
0.4,5,30,29,5287
0.3,50,30,26,110452
0.3,50,30,28,114577
0.3,50,30,27,112949
0.3,50,30,24,112304
0.3,50,30,29,108603
0.4,100,5,2,125450
0.4,100,5,0,117773
0.4,100,5,3,130011
0.4,100,5,4,134071
0.4,100,5,6,117806
0.4,100,5,1,119022
0.4,100,5,5,132124
0.4,100,5,10,140089
0.4,100,5,8,128563
0.4,100,5,7,129184
0.4,100,5,9,126645
0.4,100,5,11,123980
0.4,100,5,12,128386
0.4,100,5,13,131192
0.4,100,5,14,139122
0.4,100,5,15,138462
0.4,100,5,18,123972
0.4,100,5,19,139141
0.4,100,5,17,135647
0.4,100,5,16,135752
0.4,100,5,21,117777
0.4,100,5,20,128928
0.4,100,5,22,128214
0.4,100,5,23,123661
0.4,100,5,25,124538
0.4,100,5,24,126711
0.4,100,5,26,126696
0.4,100,5,27,130574
0.4,100,5,28,127885
0.4,100,5,29,127174
0.4,100,10,1,159127
0.4,100,10,2,174901
0.4,100,10,3,165750
0.4,100,10,4,168577
0.4,100,10,7,167104
0.4,100,10,6,159307
0.4,100,10,5,164399
0.4,100,10,0,167702
0.4,100,10,8,164667
0.4,100,10,12,159868
0.4,100,10,14,167805
0.4,100,10,10,170901
0.4,100,10,9,173848
0.4,100,10,11,164893
0.4,100,10,16,171139
0.4,100,10,13,169291
0.4,100,10,15,162875
0.4,100,10,17,159783
0.4,100,10,19,164668
0.4,100,10,20,158835
0.4,100,10,23,159852
0.4,100,10,22,166426
0.4,100,10,18,172495
0.4,100,10,24,164016
0.4,100,10,26,162642
0.4,100,10,21,167701
0.4,100,10,27,175799
0.4,100,10,28,164602
0.4,100,10,25,171053
0.4,100,10,29,172959
0.4,100,20,0,234312
0.4,100,20,1,230942
0.4,100,20,4,238126
0.4,100,20,6,229788
0.4,100,20,7,226504
0.4,100,20,5,225357
0.4,100,20,2,236356
0.4,100,20,8,237423
0.4,100,20,11,222886
0.4,100,20,3,236997
0.4,100,20,12,232385
0.4,100,20,13,231440
0.4,100,20,14,230188
0.4,100,20,10,213528
0.4,100,20,9,233528
0.4,100,20,15,227764
0.4,100,20,16,240366
0.4,100,20,17,231305
0.4,100,20,20,243078
0.4,100,20,18,228358
0.4,100,20,23,228604
0.4,100,20,21,226837
0.4,100,20,19,223916
0.4,100,20,25,225481
0.4,100,20,26,229966
0.4,100,20,27,224019
0.4,100,20,28,226987
0.4,100,20,29,238372
0.4,100,20,24,229272
0.4,100,20,22,223041
0.4,100,30,0,289855
0.4,100,30,1,289233
0.4,100,30,3,277543
0.4,100,30,5,295091
0.4,100,30,6,292743
0.4,100,30,2,286319
0.4,100,30,4,291335
0.4,100,30,8,276971
0.4,100,30,13,292260
0.4,100,30,10,297856
0.4,100,30,14,293291
0.4,100,30,15,291500
0.4,100,30,7,282053
0.4,100,30,11,283317
0.4,100,30,9,296607
0.4,100,30,18,286876
0.4,100,30,12,292885
0.4,100,30,16,290175
0.4,100,30,20,292683
0.4,100,30,21,287614
0.4,100,30,19,289393
0.4,100,30,17,291743
0.4,100,30,26,301723
0.4,10,5,0,2267
0.4,10,5,1,2251
0.4,10,5,2,2476
0.4,10,5,3,2479
0.4,10,5,4,2567
0.4,10,5,5,2431
0.4,10,5,6,2459
0.4,10,5,7,3118
0.4,10,5,8,2460
0.4,10,5,9,2709
0.4,10,5,10,2443
0.4,10,5,11,2295
0.4,10,5,12,2389
0.4,10,5,13,3106
0.4,10,5,14,2916
0.4,10,5,15,2496
0.4,10,5,16,2380
0.4,10,5,17,2293
0.4,10,5,18,2410
0.4,10,5,19,2986
0.4,10,5,20,2449
0.4,10,5,21,2742
0.4,10,5,22,2614
0.4,10,5,23,1849
0.4,10,5,24,2178
0.4,10,5,25,2075
0.4,100,30,22,298279
0.4,10,5,26,2924
0.4,10,5,27,2311
0.4,10,5,28,2663
0.4,10,5,29,2250
0.4,10,10,0,4957
0.4,10,10,1,4734
0.4,10,10,2,3974
0.4,10,10,3,4842
0.4,10,10,4,3974
0.4,10,10,5,3966
0.4,10,10,6,3940
0.4,10,10,7,4819
0.4,10,10,8,4447
0.4,10,10,9,4908
0.4,10,10,10,4785
0.4,10,10,11,4301
0.4,100,30,23,290442
0.4,10,10,12,3915
0.4,10,10,14,4756
0.4,10,10,15,4161
0.4,10,10,13,3899
0.4,10,10,16,4307
0.4,10,10,17,4528
0.4,10,10,18,4593
0.4,10,10,19,4230
0.4,10,10,20,4336
0.4,10,10,21,4964
0.4,10,10,23,4514
0.4,10,10,22,4062
0.4,10,10,24,4007
0.4,10,10,26,4692
0.4,10,10,25,4558
0.4,10,10,27,4137
0.4,10,10,28,3970
0.4,10,10,29,4277
0.4,10,20,0,7613
0.4,10,20,2,8996
0.4,10,20,1,8299
0.4,10,20,3,8346
0.4,10,20,4,8024
0.4,10,20,5,8263
0.4,10,20,6,7713
0.4,10,20,7,8261
0.4,10,20,8,7930
0.4,10,20,9,7845
0.4,10,20,10,7839
0.4,10,20,11,8252
0.4,10,20,12,8277
0.4,10,20,13,7884
0.4,10,20,14,8112
0.4,100,30,24,296284
0.4,10,20,15,7776
0.4,10,20,16,8298
0.4,10,20,17,8357
0.4,10,20,18,7394
0.4,10,20,19,8660
0.4,10,20,21,7071
0.4,10,20,20,7937
0.4,10,20,22,8136
0.4,10,20,23,8117
0.4,10,20,24,7128
0.4,10,20,25,8369
0.4,10,20,26,8347
0.4,10,20,27,7122
0.4,10,20,28,8285
0.4,10,20,29,9041
0.4,10,30,0,11154
0.4,10,30,1,11481
0.4,10,30,2,11220
0.4,10,30,3,11287
0.4,10,30,4,11909
0.4,10,30,5,12404
0.4,10,30,6,10990
0.4,10,30,7,11488
0.4,10,30,8,11005
0.4,10,30,9,11448
0.4,10,30,10,11297
0.4,10,30,11,11937
0.4,10,30,13,11983
0.4,10,30,12,11093
0.4,10,30,14,10651
0.4,10,30,15,11950
0.4,10,30,16,12299
0.4,10,30,17,11362
0.4,10,30,18,10629
0.4,10,30,19,11555
0.4,10,30,20,10961
0.4,10,30,21,10633
0.4,10,30,22,11236
0.4,10,30,23,11669
0.4,10,30,24,11223
0.4,10,30,25,12773
0.4,10,30,26,11890
0.4,10,30,28,11100
0.4,10,30,29,11145
0.4,10,30,27,11294
0.4,20,5,0,7722
0.4,20,5,3,5815
0.4,20,5,1,7169
0.4,20,5,2,8209
0.4,20,5,4,8464
0.4,20,5,5,7960
0.4,20,5,6,7431
0.4,20,5,7,6716
0.4,20,5,8,7420
0.4,20,5,9,7564
0.4,20,5,10,7843
0.4,20,5,11,7539
0.4,20,5,12,7024
0.4,20,5,13,6675
0.4,20,5,14,7088
0.4,20,5,15,6902
0.4,20,5,16,7571
0.4,20,5,19,5592
0.4,20,5,17,7328
0.4,20,5,18,7082
0.4,20,5,20,6674
0.4,20,5,21,6340
0.4,20,5,22,7254
0.4,20,5,23,7260
0.4,20,5,24,7905
0.4,20,5,26,7564
0.4,20,5,25,7015
0.4,20,5,27,7298
0.4,20,5,28,6901
0.4,20,5,29,7009
0.4,20,10,1,12570
0.4,20,10,0,11331
0.4,20,10,2,11622
0.4,20,10,3,13612
0.4,20,10,4,11416
0.4,20,10,5,11673
0.4,20,10,6,12344
0.4,20,10,7,11347
0.4,100,30,27,288403
0.4,20,10,8,10458
0.4,20,10,9,11551
0.4,20,10,10,10656
0.4,20,10,11,11912
0.4,20,10,12,13109
0.4,20,10,13,12047
0.4,20,10,14,11200
0.4,20,10,15,11408
0.4,20,10,16,12275
0.4,20,10,17,11851
0.4,20,10,18,11747
0.4,20,10,19,11516
0.4,20,10,20,11815
0.4,20,10,21,12016
0.4,20,10,23,11733
0.4,20,10,22,11121
0.4,20,10,24,11865
0.4,20,10,25,10337
0.4,20,10,26,11525
0.4,20,10,27,10852
0.4,20,10,28,10494
0.4,20,10,29,11182
0.4,20,20,0,19592
0.4,20,20,3,17701
0.4,20,20,2,19278
0.4,20,20,1,20045
0.4,20,20,4,18115
0.4,20,20,5,20133
0.4,20,20,8,18578
0.4,20,20,7,19890
0.4,20,20,6,21049
0.4,20,20,9,18621
0.4,20,20,10,19805
0.4,20,20,11,20453
0.4,20,20,14,20706
0.4,20,20,13,19609
0.4,20,20,12,19151
0.4,20,20,15,20071
0.4,20,20,17,19578
0.4,20,20,16,20275
0.4,20,20,18,19398
0.4,20,20,19,19600
0.4,20,20,20,18975
0.4,20,20,21,20555
0.4,20,20,24,19771
0.4,20,20,23,19287
0.4,20,20,22,19173
0.4,20,20,26,19248
0.4,20,20,25,20069
0.4,20,20,29,19219
0.4,20,20,28,19936
0.4,20,20,27,19342
0.4,20,30,0,26738
0.4,20,30,4,28587
0.4,20,30,1,27184
0.4,20,30,2,27854
0.4,20,30,3,29436
0.4,20,30,7,26685
0.4,20,30,5,27596
0.4,20,30,8,28332
0.4,20,30,9,28277
0.4,20,30,6,27376
0.4,20,30,10,27637
0.4,20,30,12,28756
0.4,20,30,11,28032
0.4,20,30,13,29362
0.4,20,30,14,27683
0.4,20,30,16,28309
0.4,20,30,17,25907
0.4,20,30,15,29865
0.4,20,30,18,27745
0.4,20,30,19,27526
0.4,20,30,20,27648
0.4,20,30,21,27617
0.4,20,30,23,26486
0.4,20,30,22,28843
0.4,20,30,24,26799
0.4,20,30,25,27303
0.4,20,30,26,27175
0.4,20,30,27,28707
0.4,20,30,28,27392
0.4,30,5,0,17223
0.4,30,5,1,13212
0.4,30,5,2,13140
0.4,30,5,3,13044
0.4,20,30,29,27918
0.4,30,5,4,12307
0.4,30,5,5,13242
0.4,30,5,6,12636
0.4,30,5,7,13343
0.4,30,5,9,15696
0.4,30,5,8,14416
0.4,30,5,10,14582
0.4,30,5,11,14261
0.4,30,5,12,13504
0.4,30,5,14,17516
0.4,30,5,13,15291
0.4,30,5,15,12984
0.4,30,5,16,13149
0.4,30,5,17,14636
0.4,30,5,18,15039
0.4,30,5,19,11184
0.4,30,5,20,17272
0.4,30,5,21,15818
0.4,30,5,22,13795
0.4,30,5,23,13712
0.4,30,5,25,16576
0.4,30,5,24,16091
0.4,30,5,26,12697
0.4,30,5,27,15328
0.4,30,5,28,14352
0.4,30,5,29,15102
0.4,30,10,0,19773
0.4,30,10,1,21474
0.4,30,10,3,21103
0.4,30,10,4,20385
0.4,30,10,2,19643
0.4,30,10,5,21570
0.4,30,10,6,21957
0.4,30,10,8,21182
0.4,30,10,7,19424
0.4,30,10,9,22868
0.4,30,10,10,22106
0.4,30,10,11,21695
0.4,30,10,12,21804
0.4,30,10,13,23234
0.4,30,10,14,21459
0.4,30,10,16,21739
0.4,30,10,15,21902
0.4,30,10,17,21143
0.4,30,10,19,21551
0.4,30,10,18,20276
0.4,30,10,20,23659
0.4,30,10,21,21574
0.4,30,10,22,20522
0.4,30,10,23,21078
0.4,30,10,24,20083
0.4,30,10,26,21340
0.4,30,10,25,22402
0.4,30,10,27,22300
0.4,30,10,28,20514
0.4,30,10,29,21512
0.4,30,20,0,33373
0.4,30,20,2,34531
0.4,30,20,4,32719
0.4,30,20,1,34576
0.4,30,20,3,35370
0.4,30,20,5,35284
0.4,30,20,8,33238
0.4,30,20,9,36849
0.4,30,20,7,32831
0.4,30,20,6,33654
0.4,30,20,11,33837
0.4,30,20,10,35628
0.4,30,20,13,33493
0.4,30,20,12,35176
0.4,30,20,14,32623
0.4,30,20,15,34344
0.4,100,30,29,298269
0.4,30,20,19,33061
0.4,30,20,18,34749
0.4,30,20,17,34215
0.4,30,20,16,34136
0.4,30,20,20,33608
0.4,30,20,21,35430
0.4,30,20,23,35032
0.4,30,20,25,34227
0.4,30,20,24,34985
0.4,30,20,22,35351
0.4,30,20,26,32564
0.4,30,20,27,35491
0.4,30,20,28,36529
0.4,30,20,29,33983
0.4,30,30,2,46917
0.4,30,30,3,46841
0.4,30,30,0,47405
0.4,30,30,4,45567
0.4,30,30,1,45285
0.4,30,30,5,46361
0.4,30,30,6,48596
0.4,30,30,9,48081
0.4,30,30,7,46964
0.4,30,30,8,46324
0.4,30,30,10,45572
0.4,30,30,12,45335
0.4,30,30,11,46181
0.4,30,30,13,47471
0.4,30,30,15,47625
0.4,30,30,14,46647
0.4,30,30,16,43982
0.4,30,30,17,45014
0.4,30,30,18,46936
0.4,30,30,19,48396
0.4,30,30,20,49261
0.4,30,30,21,48468
0.4,30,30,22,45544
0.4,30,30,24,45776
0.4,30,30,23,49661
0.4,30,30,26,49223
0.4,30,30,27,48080
0.4,30,30,25,48028
0.4,50,5,0,35977
0.4,100,30,28,281065
0.4,30,30,28,47704
0.4,50,5,1,34763
0.4,30,30,29,46898
0.4,50,5,2,32019
0.4,50,5,3,31215
0.4,50,5,4,36689
0.4,50,5,7,35439
0.4,50,5,5,38283
0.4,50,5,9,38107
0.4,50,5,8,36883
0.4,50,5,6,32093
0.4,50,5,10,32946
0.4,50,5,11,32625
0.4,50,5,12,35776
0.4,50,5,13,38190
0.4,50,5,16,36950
0.4,50,5,14,34624
0.4,50,5,15,35475
0.4,50,5,17,33508
0.4,50,5,18,32808
0.4,50,5,19,32003
0.4,50,5,21,35277
0.4,50,5,20,36470
0.4,50,5,23,34171
0.4,50,5,22,35844
0.4,50,5,24,34714
0.4,50,5,25,37458
0.4,50,5,26,33947
0.4,50,5,27,39661
0.4,50,5,28,35626
0.4,50,5,29,35505
0.4,50,10,1,50209
0.4,50,10,0,49104
0.4,50,10,5,48633
0.4,50,10,6,49257
0.4,50,10,2,51435
0.4,50,10,3,50302
0.4,50,10,4,46703
0.4,50,10,8,48528
0.4,50,10,7,47923
0.4,50,10,9,49017
0.4,50,10,11,47882
0.4,50,10,10,50133
0.4,50,10,13,46512
0.4,50,10,12,48489
0.4,50,10,14,54829
0.4,50,10,17,47203
0.4,50,10,18,46676
0.4,50,10,19,49928
0.4,50,10,15,48680
0.4,50,10,16,50719
0.4,50,10,20,47959
0.4,50,10,24,47021
0.4,50,10,21,49028
0.4,100,30,25,294586
0.4,50,10,22,49249
0.4,50,10,25,46449
0.4,50,10,23,49075
0.4,50,10,26,53628
0.4,50,10,27,48350
0.4,50,10,29,46932
0.4,50,10,28,47698
0.4,50,20,1,75050
0.4,50,20,3,74417
0.4,50,20,5,74061
0.4,50,20,2,72091
0.4,50,20,4,76002
0.4,50,20,0,69387
0.4,50,20,7,73765
0.4,50,20,6,74498
0.4,50,20,8,73305
0.4,50,20,9,77474
0.4,50,20,10,73046
0.4,50,20,11,70880
0.4,50,20,13,76687
0.4,50,20,16,75791
0.4,50,20,12,78222
0.4,50,20,15,72288
0.4,50,20,14,71271
0.4,50,20,19,75560
0.4,50,20,17,70930
0.4,50,20,20,72977
0.4,50,20,18,70789
0.4,50,20,23,71500
0.4,50,20,24,74143
0.4,50,20,21,72812
0.4,50,20,22,73072
0.4,50,20,26,76276
0.4,50,20,27,70740
0.4,50,20,25,73324
0.4,50,20,28,74472
0.4,50,20,29,73526
0.4,50,30,0,96444
0.4,50,30,1,97408
0.4,50,30,3,100173
0.4,50,30,4,98128
0.4,50,30,7,95097
0.4,50,30,2,98922
0.4,50,30,6,96287
0.4,50,30,5,97500
0.4,50,30,8,96829
0.4,50,30,10,97915
0.4,50,30,9,100247
0.4,50,30,11,94500
0.4,50,30,15,98178
0.4,50,30,16,98779
0.4,50,30,12,97336
0.4,50,30,14,99284
0.4,50,30,17,99556
0.4,50,30,18,100028
0.4,50,30,13,97852
0.4,50,30,19,94595
0.4,50,30,23,95018
0.4,50,30,21,95423
0.4,50,30,25,98462
0.4,50,30,22,98383
0.4,50,30,24,100165
0.4,50,30,27,101943
0.4,50,30,20,96498
0.4,50,30,26,96961
0.4,50,30,29,100185
0.4,50,30,28,101407
