d,n,m,i,bkv
0.2,5,5,0,1191
0.2,5,5,1,1322
0.2,5,5,2,1321
0.2,5,5,3,1533
0.2,5,5,4,1432
0.2,5,5,5,1527
0.2,5,5,6,1539
0.2,5,5,7,1503
0.2,5,5,8,1259
0.2,5,5,9,997
0.2,5,5,10,1267
0.2,5,5,11,1288
0.2,5,5,12,1620
0.2,5,5,13,1344
0.2,5,5,14,1678
0.2,5,5,15,1248
0.2,5,5,16,1366
0.2,5,5,17,1165
0.2,5,5,18,1217
0.2,5,5,19,1283
0.2,5,5,20,1376
0.2,5,5,21,1298
0.2,5,5,22,1217
0.2,5,5,23,1552
0.2,5,5,24,1272
0.2,5,5,25,1219
0.2,5,5,26,1393
0.2,5,5,27,1141
0.2,5,5,28,1592
0.2,5,5,29,1148
0.2,5,10,0,2276
0.2,5,10,1,2481
0.2,5,10,2,2515
0.2,5,10,3,2376
0.2,5,10,4,2410
0.2,5,10,5,2496
0.2,5,10,6,3105
0.2,5,10,7,2037
0.2,5,10,8,2087
0.2,5,10,9,2257
0.2,5,10,10,2756
0.2,5,10,11,2564
0.2,5,10,12,2542
0.2,5,10,13,2568
0.2,5,10,14,2545
0.2,5,10,15,2633
0.2,5,10,16,2460
0.2,5,10,17,2678
0.2,5,10,18,2594
0.2,5,10,19,2305
0.2,5,10,20,2285
0.2,5,10,21,2099
0.2,5,10,22,2732
0.2,5,10,23,1966
0.2,5,10,24,2409
0.2,5,10,25,2632
0.2,5,10,26,2119
0.2,5,10,27,2733
0.2,5,10,28,2169
0.2,5,10,29,2578
0.2,5,20,0,4903
0.2,5,20,1,4419
0.2,5,20,2,4543
0.2,5,20,3,4477
0.2,5,20,4,4761
0.2,5,20,5,4704
0.2,5,20,6,4819
0.2,5,20,7,4187
0.2,5,20,8,4503
0.2,5,20,9,4562
0.2,5,20,10,3980
0.2,5,20,11,4895
0.2,5,20,12,4494
0.2,5,20,13,4555
0.2,5,20,14,4491
0.2,5,20,15,4651
0.2,5,20,16,4532
0.2,5,20,17,4200
0.2,5,20,18,4314
0.2,5,20,19,4567
0.2,5,20,20,4041
0.2,5,20,21,4539
0.2,5,20,22,4342
0.2,5,20,23,4327
0.2,5,20,24,4631
0.2,5,20,25,4715
0.2,5,20,26,4697
0.2,5,20,27,4793
0.2,5,20,28,4675
0.2,5,20,29,4715
0.2,5,30,0,6346
0.2,5,30,1,6242
0.2,5,30,2,6700
0.2,5,30,3,6713
0.2,5,30,4,5770
0.2,5,30,5,6035
0.2,5,30,6,6533
0.2,5,30,7,6611
0.2,5,30,8,6666
0.2,5,30,9,6137
0.2,5,30,10,6497
0.2,5,30,11,6482
0.2,5,30,12,7021
0.2,5,30,13,6728
0.2,5,30,14,7178
0.2,5,30,15,6539
0.2,5,30,16,6705
0.2,5,30,17,6477
0.2,5,30,18,6733
0.2,5,30,19,6810
0.2,5,30,20,6979
0.2,5,30,21,7174
0.2,5,30,22,6688
0.2,5,30,23,6431
0.2,5,30,24,6027
0.2,5,30,25,6774
0.2,5,30,26,6543
0.2,5,30,27,6457
0.2,5,30,28,6880
0.2,5,30,29,5467
0.2,10,5,0,3143
0.2,10,5,1,3633
0.2,10,5,2,4110
0.2,10,5,3,4519
0.2,10,5,4,3145
0.2,10,5,5,3368
0.2,10,5,6,2759
0.2,10,5,7,3729
0.2,10,5,8,3904
0.2,10,5,9,3480
0.2,10,5,10,3249
0.2,10,5,11,3275
0.2,10,5,12,3357
0.2,10,5,13,3628
0.2,10,5,14,3108
0.2,10,5,15,3603
0.2,10,5,16,3833
0.2,10,5,17,3292
0.2,10,5,18,4362
0.2,10,5,19,4065
0.2,10,5,20,3675
0.2,10,5,21,3265
0.2,10,5,22,3826
0.2,10,5,23,3216
0.2,10,5,24,3889
0.2,10,5,25,3311
0.2,10,5,26,3527
0.2,10,5,27,3969
0.2,10,5,28,2784
0.2,10,5,29,3281
0.2,10,10,0,6597
0.2,10,10,1,5601
0.2,10,10,2,6287
0.2,10,10,3,5789
0.2,10,10,4,5653
0.2,10,10,5,5840
0.2,10,10,6,6211
0.2,10,10,7,6023
0.2,10,10,8,7262
0.2,10,10,9,5512
0.2,10,10,10,5945
0.2,10,10,11,6505
0.2,10,10,12,5929
0.2,10,10,13,6476
0.2,10,10,14,5157
0.2,10,10,15,6163
0.2,10,10,16,6626
0.2,10,10,17,5820
0.2,10,10,18,5648
0.2,10,10,19,5694
0.2,10,10,20,6039
0.2,10,10,21,6195
0.2,10,10,22,6473
0.2,10,10,23,5257
0.2,10,10,24,6003
0.2,10,10,25,6122
0.2,10,10,26,6246
0.2,10,10,27,5603
0.2,10,10,28,5830
0.2,10,10,29,5352
0.2,10,20,0,10651
0.2,10,20,1,10161
0.2,10,20,2,9280
0.2,10,20,3,10137
0.2,10,20,4,11990
0.2,10,20,5,10727
0.2,10,20,6,11056
0.2,10,20,7,10498
0.2,10,20,8,10295
0.2,10,20,9,10095
0.2,10,20,10,10378
0.2,10,20,11,10657
0.2,10,20,12,11064
0.2,10,20,13,11021
0.2,10,20,14,10811
0.2,10,20,15,10279
0.2,10,20,16,10062
0.2,10,20,17,9612
0.2,10,20,18,10371
0.2,10,20,19,9809
0.2,10,20,20,10844
0.2,10,20,21,9852
0.2,10,20,22,9647
0.2,10,20,23,11322
0.2,10,20,24,11292
0.2,10,20,25,10801
0.2,10,20,26,10899
0.2,10,20,27,10185
0.2,10,20,28,11119
0.2,10,20,29,10155
0.2,10,30,0,13894
0.2,10,30,1,14346
0.2,10,30,2,14962
0.2,10,30,3,14237
0.2,10,30,4,13511
0.2,10,30,5,15000
0.2,10,30,6,15446
0.2,10,30,7,14375
0.2,10,30,8,15504
0.2,10,30,9,16237
0.2,10,30,10,16005
0.2,10,30,11,15930
0.2,10,30,12,14482
0.2,10,30,13,14064
0.2,10,30,14,15758
0.2,10,30,15,14970
0.2,10,30,16,13977
0.2,10,30,17,14371
0.2,10,30,18,14312
0.2,10,30,19,15452
0.2,10,30,20,14316
0.2,10,30,21,15291
0.2,10,30,22,14326
0.2,10,30,23,14711
0.2,10,30,24,14131
0.2,10,30,25,14564
0.2,10,30,26,14820
0.2,10,30,27,16058
0.2,10,30,28,15472
0.2,10,30,29,14910
0.2,20,5,0,10012
0.2,20,5,1,10973
0.2,20,5,2,9980
0.2,20,5,3,10009
0.2,20,5,4,10981
0.2,20,5,5,10150
0.2,20,5,6,9854
0.2,20,5,7,11069
0.2,20,5,8,10624
0.2,20,5,9,11227
0.2,20,5,10,9651
0.2,20,5,11,10689
0.2,20,5,12,10591
0.2,20,5,13,10522
0.2,20,5,14,9387
0.2,20,5,15,11655
0.2,20,5,16,8995
0.2,20,5,17,9272
0.2,20,5,18,10414
0.2,20,5,19,10209
0.2,20,5,20,9786
0.2,20,5,21,10805
0.2,20,5,22,10590
0.2,20,5,23,11860
0.2,20,5,24,11271
0.2,20,5,25,8743
0.2,20,5,26,8621
0.2,20,5,27,10152
0.2,20,5,28,9672
0.2,20,5,29,10459
0.2,20,10,0,15680
0.2,20,10,1,14972
0.2,20,10,2,15490
0.2,20,10,3,15561
0.2,20,10,4,15214
0.2,20,10,5,14353
0.2,20,10,6,16674
0.2,20,10,7,15400
0.2,20,10,8,17183
0.2,20,10,9,16116
0.2,20,10,10,17293
0.2,20,10,11,14606
0.2,20,10,12,14928
0.2,20,10,13,16338
0.2,20,10,14,16466
0.2,20,10,15,16815
0.2,20,10,16,16035
0.2,20,10,17,17063
0.2,20,10,18,15899
0.2,20,10,19,16227
0.2,20,10,20,15004
0.2,20,10,21,15549
0.2,20,10,22,14832
0.2,20,10,23,15911
0.2,20,10,24,16887
0.2,20,10,25,15355
0.2,20,10,26,15469
0.2,20,10,27,15659
0.2,20,10,28,17029
0.2,20,10,29,14912
0.2,20,20,0,25452
0.2,20,20,1,26450
0.2,20,20,2,26846
0.2,20,20,3,26689
0.2,20,20,4,25178
0.2,20,20,5,26265
0.2,20,20,6,27325
0.2,20,20,7,25337
0.2,20,20,8,27744
0.2,20,20,9,25278
0.2,20,20,10,25675
0.2,20,20,11,25336
0.2,20,20,12,25720
0.2,20,20,13,26788
0.2,20,20,14,25449
0.2,20,20,15,26509
0.2,20,20,16,28138
0.2,20,20,17,25137
0.2,20,20,18,26004
0.2,20,20,19,26375
0.2,20,20,20,26321
0.2,20,20,21,25284
0.2,20,20,22,25619
0.2,20,20,23,27065
0.2,20,20,24,25382
0.2,20,20,25,26166
0.2,20,20,26,24609
0.2,20,20,27,25796
0.2,20,20,28,26199
0.2,20,20,29,26114
0.2,20,30,0,36109
0.2,20,30,1,36925
0.2,20,30,2,35689
0.2,20,30,3,36122
0.2,20,30,4,34477
0.2,20,30,5,36254
0.2,20,30,6,36697
0.2,20,30,7,33586
0.2,20,30,8,34586
0.2,20,30,9,35574
0.2,20,30,10,33576
0.2,20,30,11,34386
0.2,20,30,12,33406
0.2,20,30,13,34854
0.2,20,30,14,36082
0.2,20,30,15,37091
0.2,20,30,16,37984
0.2,20,30,17,34980
0.2,20,30,18,36733
0.2,20,30,19,37018
0.2,20,30,20,35789
0.2,20,30,21,34933
0.2,20,30,22,38641
0.2,20,30,23,35762
0.2,20,30,24,35535
0.2,20,30,25,36701
0.2,20,30,26,36001
0.2,20,30,27,36113
0.2,20,30,28,35835
0.2,20,30,29,35133
0.2,30,5,0,18400
0.2,30,5,1,21920
0.2,30,5,2,20553
0.2,30,5,3,20249
0.2,30,5,4,16320
0.2,30,5,5,24228
0.2,30,5,6,21417
0.2,30,5,7,20456
0.2,30,5,8,20244
0.2,30,5,9,20729
0.2,30,5,10,19731
0.2,30,5,11,21127
0.2,30,5,12,20243
0.2,30,5,13,19131
0.2,30,5,14,19297
0.2,30,5,15,20514
0.2,30,5,16,19819
0.2,30,5,17,18972
0.2,30,5,18,20836
0.2,30,5,19,20953
0.2,30,5,20,19413
0.2,30,5,21,19029
0.2,30,5,22,20157
0.2,30,5,23,20687
0.2,30,5,24,19395
0.2,30,5,25,17272
0.2,30,5,26,20712
0.2,30,5,27,18587
0.2,30,5,28,20725
0.2,30,5,29,18550
0.2,30,10,0,27751
0.2,30,10,1,28293
0.2,30,10,2,28053
0.2,30,10,3,29355
0.2,30,10,4,27988
0.2,30,10,5,29312
0.2,30,10,6,28748
0.2,30,10,7,31612
0.2,30,10,8,29057
0.2,30,10,9,29794
0.2,30,10,10,29325
0.2,30,10,11,31043
0.2,30,10,12,27300
0.2,30,10,13,28907
0.2,30,10,14,30627
0.2,30,10,15,29354
0.2,30,10,16,29174
0.2,30,10,17,30042
0.2,30,10,18,32821
0.2,30,10,19,28434
0.2,30,10,20,30122
0.2,30,10,21,27965
0.2,30,10,22,34973
0.2,30,10,23,27263
0.2,30,10,24,29650
0.2,30,10,25,30019
0.2,30,10,26,29224
0.2,30,10,27,30088
0.2,30,10,28,29032
0.2,30,10,29,27397
0.2,30,20,0,45355
0.2,30,20,1,45175
0.2,30,20,2,47243
0.2,30,20,3,44465
0.2,30,20,4,46615
0.2,30,20,5,46992
0.2,30,20,6,47983
0.2,30,20,7,46922
0.2,30,20,8,47380
0.2,30,20,9,45710
0.2,30,20,10,46790
0.2,30,20,11,47507
0.2,30,20,12,46373
0.2,30,20,13,48646
0.2,30,20,14,47538
0.2,30,20,15,48751
0.2,30,20,16,45867
0.2,30,20,17,49889
0.2,30,20,18,45975
0.2,30,20,19,44619
0.2,30,20,20,47122
0.2,30,20,21,45322
0.2,30,20,22,45147
0.2,30,20,23,48523
0.2,30,20,24,48042
0.2,30,20,25,47944
0.2,30,20,26,48075
0.2,30,20,27,44761
0.2,30,20,28,44887
0.2,30,20,29,45980
0.2,30,30,0,60807
0.2,30,30,1,60554
0.2,30,30,2,63712
0.2,30,30,3,61654
0.2,30,30,4,64406
0.2,30,30,5,62869
0.2,30,30,6,61178
0.2,30,30,7,60939
0.2,30,30,8,63226
0.2,30,30,9,63312
0.2,30,30,10,61707
0.2,30,30,11,62617
0.2,30,30,12,63023
0.2,30,30,13,62575
0.2,30,30,14,60672
0.2,30,30,15,62736
0.2,30,30,16,62070
0.2,30,30,17,62081
0.2,30,30,18,63162
0.2,30,30,19,61289
0.2,30,30,20,61949
0.2,30,30,21,60144
0.2,30,30,22,63513
0.2,30,30,23,59317
0.2,30,30,24,62377
0.2,30,30,25,65005
0.2,30,30,26,60929
0.2,30,30,27,62076
0.2,30,30,28,59434
0.2,30,30,29,64471
0.2,50,5,0,45893
0.2,50,5,1,44034
0.2,50,5,2,54334
0.2,50,5,3,45089
0.2,50,5,4,45836
0.2,50,5,5,44673
0.2,50,5,6,54776
0.2,50,5,7,54438
0.2,50,5,8,55900
0.2,50,5,9,50945
0.2,50,5,10,48829
0.2,50,5,11,46946
0.2,50,5,12,52492
0.2,50,5,13,47705
0.2,50,5,14,53462
0.2,50,5,15,54206
0.2,50,5,16,57021
0.2,50,5,17,48821
0.2,50,5,18,45696
0.2,50,5,19,49254
0.2,50,5,20,50619
0.2,50,5,21,49563
0.2,50,5,22,50103
0.2,50,5,23,52078
0.2,50,5,24,51708
0.2,50,5,25,56310
0.2,50,5,26,53240
0.2,50,5,27,47993
0.2,50,5,28,51677
0.2,50,5,29,55166
0.2,50,10,0,66020
0.2,50,10,1,66090
0.2,50,10,2,69564
0.2,50,10,3,64897
0.2,50,10,4,69246
0.2,50,10,5,63580
0.2,50,10,6,69889
0.2,50,10,7,69161
0.2,50,10,8,65639
0.2,50,10,9,68450
0.2,50,10,10,68092
0.2,50,10,11,65055
0.2,50,10,12,66036
0.2,50,10,13,72204
0.2,50,10,14,67723
0.2,50,10,15,65842
0.2,50,10,16,65897
0.2,50,10,17,65002
0.2,50,10,18,66492
0.2,50,10,19,67180
0.2,50,10,20,67546
0.2,50,10,21,70127
0.2,50,10,22,69621
0.2,50,10,23,68461
0.2,50,10,24,65076
0.2,50,10,25,66767
0.2,50,10,26,72001
0.2,50,10,27,73193
0.2,50,10,28,66849
0.2,50,10,29,70923
0.2,50,20,0,100551
0.2,50,20,1,96826
0.2,50,20,2,95194
0.2,50,20,3,98617
0.2,50,20,4,97259
0.2,50,20,5,97898
0.2,50,20,6,98498
0.2,50,20,7,95988
0.2,50,20,8,101315
0.2,50,20,9,98904
0.2,50,20,10,101010
0.2,50,20,11,100269
0.2,50,20,12,97072
0.2,50,20,13,100366
0.2,50,20,14,97412
0.2,50,20,15,94642
0.2,50,20,16,99477
0.2,50,20,17,100808
0.2,50,20,18,98162
0.2,50,20,19,99921
0.2,50,20,20,98141
0.2,50,20,21,101125
0.2,50,20,22,99101
0.2,50,20,23,97317
0.2,50,20,24,100331
0.2,50,20,25,96655
0.2,50,20,26,101078
0.2,50,20,27,99586
0.2,50,20,28,103621
0.2,50,20,29,100289
0.2,50,30,0,127306
0.2,50,30,1,131073
0.2,50,30,2,127611
0.2,50,30,3,131555
0.2,50,30,4,132454
0.2,50,30,5,134644
0.2,50,30,6,125542
0.2,50,30,7,124846
0.2,50,30,8,123887
0.2,50,30,9,129452
0.2,50,30,10,132891
0.2,50,30,11,128473
0.2,50,30,12,130987
0.2,50,30,13,124824
0.2,50,30,14,127698
0.2,50,30,15,129314
0.2,50,30,16,130324
0.2,50,30,17,121907
0.2,50,30,18,129596
0.2,50,30,19,122241
0.2,50,30,20,133375
0.2,50,30,21,126547
0.2,50,30,22,125767
0.2,50,30,23,126572
0.2,50,30,24,127976
0.2,50,30,25,125989
0.2,50,30,26,129729
0.2,50,30,27,129453
0.2,50,30,28,127924
0.2,50,30,29,128376
0.2,100,5,0,184018
0.2,100,5,1,185364
0.2,100,5,2,189122
0.2,100,5,3,181338
0.2,100,5,4,180124
0.2,100,5,5,186261
0.2,100,5,6,188143
0.2,100,5,7,186774
0.2,100,5,8,185256
0.2,100,5,9,180728
0.2,100,5,10,177527
0.2,100,5,11,179791
0.2,100,5,12,175183
0.2,100,5,13,190420
0.2,100,5,14,180635
0.2,100,5,15,184760
0.2,100,5,16,180812
0.2,100,5,17,172053
0.2,100,5,18,184758
0.2,100,5,19,184855
0.2,100,5,20,176550
0.2,100,5,21,191840
0.2,100,5,22,191651
0.2,100,5,23,169902
0.2,100,5,24,202190
0.2,100,5,25,181287
0.2,100,5,26,180042
0.2,100,5,27,178977
0.2,100,5,28,177292
0.2,100,5,29,179888
0.2,100,10,0,231525
0.2,100,10,1,229346
0.2,100,10,2,232615
0.2,100,10,3,233059
0.2,100,10,4,232726
0.2,100,10,5,236409
0.2,100,10,6,232385
0.2,100,10,7,236214
0.2,100,10,8,229840
0.2,100,10,9,237484
0.2,100,10,10,235146
0.2,100,10,11,238074
0.2,100,10,12,230319
0.2,100,10,13,228643
0.2,100,10,14,233165
0.2,100,10,15,229828
0.2,100,10,16,234881
0.2,100,10,17,243820
0.2,100,10,18,225148
0.2,100,10,19,233090
0.2,100,10,20,224144
0.2,100,10,21,212269
0.2,100,10,22,230690
0.2,100,10,23,237575
0.2,100,10,24,228742
0.2,100,10,25,214356
0.2,100,10,26,238522
0.2,100,10,27,229303
0.2,100,10,28,235634
0.2,100,10,29,233871
0.2,100,20,0,309636
0.2,100,20,1,314762
0.2,100,20,2,315705
0.2,100,20,3,319035
0.2,100,20,4,298690
0.2,100,20,5,304230
0.2,100,20,6,304512
0.2,100,20,7,315968
0.2,100,20,8,310840
0.2,100,20,9,302975
0.2,100,20,10,300996
0.2,100,20,11,304331
0.2,100,20,12,296661
0.2,100,20,13,306539
0.2,100,20,14,304164
0.2,100,20,15,307548
0.2,100,20,16,306022
0.2,100,20,17,303882
0.2,100,20,18,309085
0.2,100,20,19,304675
0.2,100,20,20,309491
0.2,100,20,21,302725
0.2,100,20,22,302256
0.2,100,20,23,302036
0.2,100,20,24,313037
0.2,100,20,25,296852
0.2,100,20,26,313527
0.2,100,20,27,310970
0.2,100,20,28,311883
0.2,100,20,29,308287
0.2,100,30,0,368997
0.2,100,30,1,374615
0.2,100,30,2,371627
0.2,100,30,3,383344
0.2,100,30,4,386261
0.2,100,30,5,388509
0.2,100,30,6,382313
0.2,100,30,7,373308
0.2,100,30,8,375864
0.2,100,30,9,372315
0.2,100,30,10,367776
0.2,100,30,11,375716
0.2,100,30,12,375420
0.2,100,30,13,375173
0.2,100,30,14,388280
0.2,100,30,15,378461
0.2,100,30,16,379284
0.2,100,30,17,379440
0.2,100,30,18,376896
0.2,100,30,19,389329
0.2,100,30,20,377805
0.2,100,30,21,370092
0.2,100,30,22,369285
0.2,100,30,23,377170
0.2,100,30,24,368803
0.2,100,30,25,376182
0.2,100,30,26,380156
0.2,100,30,27,380290
0.2,100,30,28,377509
0.2,100,30,29,373490
0.3,5,5,0,1171
0.3,5,5,1,1058
0.3,5,5,2,1108
0.3,5,5,3,1218
0.3,5,5,4,917
0.3,5,5,5,1002
0.3,5,5,6,1060
0.3,5,5,7,1531
0.3,5,5,8,1138
0.3,5,5,9,1046
0.3,5,5,10,1092
0.3,5,5,11,805
0.3,5,5,12,1126
0.3,5,5,13,1066
0.3,5,5,14,909
0.3,5,5,15,987
0.3,5,5,16,1243
0.3,5,5,17,1187
0.3,5,5,18,1123
0.3,5,5,19,1342
0.3,5,5,20,1513
0.3,5,5,21,1124
0.3,5,5,22,1236
0.3,5,5,23,1572
0.3,5,5,24,1028
0.3,5,5,25,1372
0.3,5,5,26,1380
0.3,5,5,27,1169
0.3,5,5,28,1339
0.3,5,5,29,1003
0.3,5,10,0,1852
0.3,5,10,1,2148
0.3,5,10,2,1658
0.3,5,10,3,1882
0.3,5,10,4,2182
0.3,5,10,5,2330
0.3,5,10,6,2051
0.3,5,10,7,2151
0.3,5,10,8,2477
0.3,5,10,9,2409
0.3,5,10,10,2004
0.3,5,10,11,2244
0.3,5,10,12,2413
0.3,5,10,13,2092
0.3,5,10,14,2316
0.3,5,10,15,2166
0.3,5,10,16,1917
0.3,5,10,17,1848
0.3,5,10,18,2279
0.3,5,10,19,2073
0.3,5,10,20,1949
0.3,5,10,21,2232
0.3,5,10,22,2008
0.3,5,10,23,2124
0.3,5,10,24,2136
0.3,5,10,25,2029
0.3,5,10,26,2139
0.3,5,10,27,2436
0.3,5,10,28,2173
0.3,5,10,29,2480
0.3,5,20,0,4166
0.3,5,20,1,4477
0.3,5,20,2,3393
0.3,5,20,3,3959
0.3,5,20,4,4348
0.3,5,20,5,4557
0.3,5,20,6,3861
0.3,5,20,7,3459
0.3,5,20,8,3780
0.3,5,20,9,3731
0.3,5,20,10,4035
0.3,5,20,11,4001
0.3,5,20,12,4120
0.3,5,20,13,4277
0.3,5,20,14,4260
0.3,5,20,15,3405
0.3,5,20,16,4031
0.3,5,20,17,3631
0.3,5,20,18,4323
0.3,5,20,19,4213
0.3,5,20,20,4086
0.3,5,20,21,3825
0.3,5,20,22,4073
0.3,5,20,23,3616
0.3,5,20,24,3455
0.3,5,20,25,4067
0.3,5,20,26,3721
0.3,5,20,27,4684
0.3,5,20,28,3969
0.3,5,20,29,4024
0.3,5,30,0,5361
0.3,5,30,1,6154
0.3,5,30,2,6234
0.3,5,30,3,5429
0.3,5,30,4,5918
0.3,5,30,5,5685
0.3,5,30,6,5775
0.3,5,30,7,5787
0.3,5,30,8,6303
0.3,5,30,9,5853
0.3,5,30,10,5590
0.3,5,30,11,5571
0.3,5,30,12,5439
0.3,5,30,13,6363
0.3,5,30,14,6298
0.3,5,30,15,5573
0.3,5,30,16,6111
0.3,5,30,17,5389
0.3,5,30,18,5677
0.3,5,30,19,5933
0.3,5,30,20,5836
0.3,5,30,21,5683
0.3,5,30,22,5478
0.3,5,30,23,5041
0.3,5,30,24,5963
0.3,5,30,25,5761
0.3,5,30,26,5571
0.3,5,30,27,6221
0.3,5,30,28,6425
0.3,5,30,29,5571
0.3,10,5,0,3097
0.3,10,5,1,3206
0.3,10,5,2,2615
0.3,10,5,3,2840
0.3,10,5,4,2499
0.3,10,5,5,3168
0.3,10,5,6,3236
0.3,10,5,7,2423
0.3,10,5,8,3342
0.3,10,5,9,3099
0.3,10,5,10,3106
0.3,10,5,11,3403
0.3,10,5,12,3522
0.3,10,5,13,2722
0.3,10,5,14,3129
0.3,10,5,15,3276
0.3,10,5,16,2968
0.3,10,5,17,3397
0.3,10,5,18,3274
0.3,10,5,19,3333
0.3,10,5,20,2753
0.3,10,5,21,2725
0.3,10,5,22,2759
0.3,10,5,23,3440
0.3,10,5,24,2762
0.3,10,5,25,3112
0.3,10,5,26,3052
0.3,10,5,27,2514
0.3,10,5,28,3511
0.3,10,5,29,3097
0.3,10,10,0,4999
0.3,10,10,1,4802
0.3,10,10,2,4851
0.3,10,10,3,4547
0.3,10,10,4,4732
0.3,10,10,5,4449
0.3,10,10,6,4640
0.3,10,10,7,4763
0.3,10,10,8,4831
0.3,10,10,9,4929
0.3,10,10,10,5092
0.3,10,10,11,5670
0.3,10,10,12,5299
0.3,10,10,13,4938
0.3,10,10,14,5470
0.3,10,10,15,4731
0.3,10,10,16,5027
0.3,10,10,17,4621
0.3,10,10,18,5050
0.3,10,10,19,4919
0.3,10,10,20,5752
0.3,10,10,21,4944
0.3,10,10,22,4814
0.3,10,10,23,5097
0.3,10,10,24,4988
0.3,10,10,25,5296
0.3,10,10,26,5443
0.3,10,10,27,5106
0.3,10,10,28,5357
0.3,10,10,29,4871
0.3,10,20,0,9190
0.3,10,20,1,9170
0.3,10,20,2,10534
0.3,10,20,3,9433
0.3,10,20,4,8788
0.3,10,20,5,8652
0.3,10,20,6,8472
0.3,10,20,7,8048
0.3,10,20,8,9104
0.3,10,20,9,8985
0.3,10,20,10,9197
0.3,10,20,11,9291
0.3,10,20,12,9588
0.3,10,20,13,8519
0.3,10,20,14,8430
0.3,10,20,15,9516
0.3,10,20,16,8823
0.3,10,20,17,9099
0.3,10,20,18,9414
0.3,10,20,19,9335
0.3,10,20,20,8516
0.3,10,20,21,9327
0.3,10,20,22,9802
0.3,10,20,23,9161
0.3,10,20,24,8312
0.3,10,20,25,8808
0.3,10,20,26,9548
0.3,10,20,27,8952
0.3,10,20,28,7585
0.3,10,20,29,8181
0.3,10,30,0,13060
0.3,10,30,1,13041
0.3,10,30,2,12359
0.3,10,30,3,13072
0.3,10,30,4,12015
0.3,10,30,5,12782
0.3,10,30,6,12968
0.3,10,30,7,12653
0.3,10,30,8,12976
0.3,10,30,9,12367
0.3,10,30,10,13202
0.3,10,30,11,13014
0.3,10,30,12,12410
0.3,10,30,13,13424
0.3,10,30,14,13492
0.3,10,30,15,12279
0.3,10,30,16,13124
0.3,10,30,17,12730
0.3,10,30,18,13328
0.3,10,30,19,13386
0.3,10,30,20,13045
0.3,10,30,21,13550
0.3,10,30,22,14043
0.3,10,30,23,12649
0.3,10,30,24,14206
0.3,10,30,25,14495
0.3,10,30,26,12482
0.3,10,30,27,13464
0.3,10,30,28,12662
0.3,10,30,29,13394
0.3,20,5,0,9447
0.3,20,5,1,9015
0.3,20,5,2,8685
0.3,20,5,3,8145
0.3,20,5,4,8440
0.3,20,5,5,9108
0.3,20,5,6,8896
0.3,20,5,7,9238
0.3,20,5,8,7866
0.3,20,5,9,9211
0.3,20,5,10,8599
0.3,20,5,11,11548
0.3,20,5,12,7694
0.3,20,5,13,7937
0.3,20,5,14,7682
0.3,20,5,15,9227
0.3,20,5,16,8312
0.3,20,5,17,9495
0.3,20,5,18,9488
0.3,20,5,19,9833
0.3,20,5,20,7544
0.3,20,5,21,8965
0.3,20,5,22,8168
0.3,20,5,23,7711
0.3,20,5,24,9239
0.3,20,5,25,8722
0.3,20,5,26,9513
0.3,20,5,27,9899
0.3,20,5,28,8583
0.3,20,5,29,9036
0.3,20,10,0,14032
0.3,20,10,1,13437
0.3,20,10,2,12442
0.3,20,10,3,12816
0.3,20,10,4,13376
0.3,20,10,5,13665
0.3,20,10,6,13148
0.3,20,10,7,13118
0.3,20,10,8,13293
0.3,20,10,9,13523
0.3,20,10,10,13006
0.3,20,10,11,12645
0.3,20,10,12,14580
0.3,20,10,13,14236
0.3,20,10,14,13615
0.3,20,10,15,13102
0.3,20,10,16,13929
0.3,20,10,17,14345
0.3,20,10,18,14749
0.3,20,10,19,11484
0.3,20,10,20,14489
0.3,20,10,21,14283
0.3,20,10,22,13506
0.3,20,10,23,14630
0.3,20,10,24,13519
0.3,20,10,25,13383
0.3,20,10,26,14277
0.3,20,10,27,13437
0.3,20,10,28,14062
0.3,20,10,29,13352
0.3,20,20,0,21905
0.3,20,20,1,22107
0.3,20,20,2,21104
0.3,20,20,3,23321
0.3,20,20,4,22227
0.3,20,20,5,20286
0.3,20,20,6,23701
0.3,20,20,7,21992
0.3,20,20,8,24215
0.3,20,20,9,23962
0.3,20,20,10,22002
0.3,20,20,11,22718
0.3,20,20,12,23604
0.3,20,20,13,21165
0.3,20,20,14,21292
0.3,20,20,15,23383
0.3,20,20,16,21870
0.3,20,20,17,22156
0.3,20,20,18,22339
0.3,20,20,19,20500
0.3,20,20,20,22808
0.3,20,20,21,23767
0.3,20,20,22,22849
0.3,20,20,23,24410
0.3,20,20,24,23137
0.3,20,20,25,22779
0.3,20,20,26,23867
0.3,20,20,27,22092
0.3,20,20,28,22185
0.3,20,20,29,20391
0.3,20,30,0,31030
0.3,20,30,1,28842
0.3,20,30,2,31261
0.3,20,30,3,33861
0.3,20,30,4,31632
0.3,20,30,5,33031
0.3,20,30,6,31984
0.3,20,30,7,32262
0.3,20,30,8,30136
0.3,20,30,9,30348
0.3,20,30,10,31607
0.3,20,30,11,32420
0.3,20,30,12,32085
0.3,20,30,13,31990
0.3,20,30,14,30709
0.3,20,30,15,31385
0.3,20,30,16,32808
0.3,20,30,17,32633
0.3,20,30,18,31230
0.3,20,30,19,29800
0.3,20,30,20,32145
0.3,20,30,21,30207
0.3,20,30,22,28827
0.3,20,30,23,32907
0.3,20,30,24,31763
0.3,20,30,25,31561
0.3,20,30,26,32424
0.3,20,30,27,30556
0.3,20,30,28,29645
0.3,20,30,29,31418
0.3,30,5,0,16503
0.3,30,5,1,17027
0.3,30,5,2,18747
0.3,30,5,3,16333
0.3,30,5,4,20989
0.3,30,5,5,17168
0.3,30,5,6,16178
0.3,30,5,7,19267
0.3,30,5,8,17527
0.3,30,5,9,18404
0.3,30,5,10,18134
0.3,30,5,11,16610
0.3,30,5,12,17773
0.3,30,5,13,16831
0.3,30,5,14,18853
0.3,30,5,15,15677
0.3,30,5,16,15859
0.3,30,5,17,15714
0.3,30,5,18,16788
0.3,30,5,19,15217
0.3,30,5,20,18727
0.3,30,5,21,16049
0.3,30,5,22,16697
0.3,30,5,23,16955
0.3,30,5,24,20553
0.3,30,5,25,14974
0.3,30,5,26,17514
0.3,30,5,27,16566
0.3,30,5,28,16435
0.3,30,5,29,18018
0.3,30,10,0,25198
0.3,30,10,1,25660
0.3,30,10,2,24034
0.3,30,10,3,24916
0.3,30,10,4,25273
0.3,30,10,5,23625
0.3,30,10,6,24726
0.3,30,10,7,25434
0.3,30,10,8,25170
0.3,30,10,9,23038
0.3,30,10,10,25111
0.3,30,10,11,26045
0.3,30,10,12,26678
0.3,30,10,13,24877
0.3,30,10,14,27923
0.3,30,10,15,24081
0.3,30,10,16,26173
0.3,30,10,17,23380
0.3,30,10,18,25467
0.3,30,10,19,23965
0.3,30,10,20,24947
0.3,30,10,21,25008
0.3,30,10,22,25682
0.3,30,10,23,23724
0.3,30,10,24,25078
0.3,30,10,25,23385
0.3,30,10,26,25951
0.3,30,10,27,27033
0.3,30,10,28,25288
0.3,30,10,29,24725
0.3,30,20,0,37152
0.3,30,20,1,42790
0.3,30,20,2,39743
0.3,30,20,3,39395
0.3,30,20,4,41734
0.3,30,20,5,41574
0.3,30,20,6,39556
0.3,30,20,7,40287
0.3,30,20,8,39902
0.3,30,20,9,39669
0.3,30,20,10,40945
0.3,30,20,11,40977
0.3,30,20,12,40170
0.3,30,20,13,40969
0.3,30,20,14,40920
0.3,30,20,15,39127
0.3,30,20,16,37435
0.3,30,20,17,39427
0.3,30,20,18,40495
0.3,30,20,19,40451
0.3,30,20,20,39286
0.3,30,20,21,41264
0.3,30,20,22,40713
0.3,30,20,23,42209
0.3,30,20,24,39585
0.3,30,20,25,38948
0.3,30,20,26,39657
0.3,30,20,27,40120
0.3,30,20,28,39946
0.3,30,20,29,42560
0.3,30,30,0,53074
0.3,30,30,1,56448
0.3,30,30,2,55685
0.3,30,30,3,55241
0.3,30,30,4,53883
0.3,30,30,5,54876
0.3,30,30,6,55974
0.3,30,30,7,53121
0.3,30,30,8,52143
0.3,30,30,9,56093
0.3,30,30,10,56162
0.3,30,30,11,54269
0.3,30,30,12,56377
0.3,30,30,13,54613
0.3,30,30,14,57795
0.3,30,30,15,57042
0.3,30,30,16,53052
0.3,30,30,17,52661
0.3,30,30,18,53460
0.3,30,30,19,53606
0.3,30,30,20,54073
0.3,30,30,21,55727
0.3,30,30,22,55090
0.3,30,30,23,56515
0.3,30,30,24,55041
0.3,30,30,25,53304
0.3,30,30,26,54573
0.3,30,30,27,56806
0.3,30,30,28,53846
0.3,30,30,29,56120
0.3,50,5,0,47303
0.3,50,5,1,42705
0.3,50,5,2,42548
0.3,50,5,3,41264
0.3,50,5,4,40401
0.3,50,5,5,40120
0.3,50,5,6,41246
0.3,50,5,7,43519
0.3,50,5,8,40463
0.3,50,5,9,36228
0.3,50,5,10,39640
0.3,50,5,11,44446
0.3,50,5,12,38671
0.3,50,5,13,41095
0.3,50,5,14,42192
0.3,50,5,15,43658
0.3,50,5,16,40593
0.3,50,5,17,40016
0.3,50,5,18,37758
0.3,50,5,19,43299
0.3,50,5,20,42716
0.3,50,5,21,42065
0.3,50,5,22,46981
0.3,50,5,23,37051
0.3,50,5,24,47055
0.3,50,5,25,41278
0.3,50,5,26,37118
0.3,50,5,27,45799
0.3,50,5,28,51519
0.3,50,5,29,44191
0.3,50,10,0,57827
0.3,50,10,1,55450
0.3,50,10,2,54650
0.3,50,10,3,55533
0.3,50,10,4,58966
0.3,50,10,5,59947
0.3,50,10,6,58257
0.3,50,10,7,56429
0.3,50,10,8,58726
0.3,50,10,9,58501
0.3,50,10,10,58999
0.3,50,10,11,55470
0.3,50,10,12,56239
0.3,50,10,13,70515
0.3,50,10,14,56191
0.3,50,10,15,57470
0.3,50,10,16,54499
0.3,50,10,17,57713
0.3,50,10,18,56131
0.3,50,10,19,56292
0.3,50,10,20,59210
0.3,50,10,21,58304
0.3,50,10,22,61824
0.3,50,10,23,56844
0.3,50,10,24,57988
0.3,50,10,25,56532
0.3,50,10,26,59424
0.3,50,10,27,58563
0.3,50,10,28,57953
0.3,50,10,29,58963
0.3,50,20,0,81845
0.3,50,20,1,86232
0.3,50,20,2,88791
0.3,50,20,3,83855
0.3,50,20,4,87470
0.3,50,20,5,86554
0.3,50,20,6,87145
0.3,50,20,7,85652
0.3,50,20,8,90134
0.3,50,20,9,84957
0.3,50,20,10,88981
0.3,50,20,11,89020
0.3,50,20,12,85270
0.3,50,20,13,88779
0.3,50,20,14,84916
0.3,50,20,15,81380
0.3,50,20,16,85609
0.3,50,20,17,86911
0.3,50,20,18,86860
0.3,50,20,19,86007
0.3,50,20,20,86658
0.3,50,20,21,85190
0.3,50,20,22,89817
0.3,50,20,23,86615
0.3,50,20,24,86534
0.3,50,20,25,93207
0.3,50,20,26,88731
0.3,50,20,27,87027
0.3,50,20,28,88406
0.3,50,20,29,84383
0.3,50,30,0,114145
0.3,50,30,1,109424
0.3,50,30,2,114866
0.3,50,30,3,113951
0.3,50,30,4,111804
0.3,50,30,5,113103
0.3,50,30,6,117891
0.3,50,30,7,110160
0.3,50,30,8,111522
0.3,50,30,9,112405
0.3,50,30,10,113936
0.3,50,30,11,111920
0.3,50,30,12,115448
0.3,50,30,13,113159
0.3,50,30,14,111529
0.3,50,30,15,112727
0.3,50,30,16,113401
0.3,50,30,17,111106
0.3,50,30,18,114455
0.3,50,30,19,115111
0.3,50,30,20,113012
0.3,50,30,21,110423
0.3,50,30,22,113924
0.3,50,30,23,111595
0.3,50,30,24,112304
0.3,50,30,25,114917
0.3,50,30,26,109306
0.3,50,30,27,112949
0.3,50,30,28,114462
0.3,50,30,29,108041
0.3,100,5,0,152151
0.3,100,5,1,156362
0.3,100,5,2,139827
0.3,100,5,3,153325
0.3,100,5,4,142382
0.3,100,5,5,154101
0.3,100,5,6,154060
0.3,100,5,7,147657
0.3,100,5,8,158646
0.3,100,5,9,164073
0.3,100,5,10,149070
0.3,100,5,11,142709
0.3,100,5,12,160871
0.3,100,5,13,147905
0.3,100,5,14,151342
0.3,100,5,15,143833
0.3,100,5,16,158944
0.3,100,5,17,151372
0.3,100,5,18,155834
0.3,100,5,19,161009
0.3,100,5,20,147813
0.3,100,5,21,148500
0.3,100,5,22,152247
0.3,100,5,23,157829
0.3,100,5,24,153280
0.3,100,5,25,155512
0.3,100,5,26,154897
0.3,100,5,27,149487
0.3,100,5,28,154945
0.3,100,5,29,148825
0.3,100,10,0,186335
0.3,100,10,1,187817
0.3,100,10,2,197169
0.3,100,10,3,206660
0.3,100,10,4,197155
0.3,100,10,5,199702
0.3,100,10,6,207664
0.3,100,10,7,194739
0.3,100,10,8,193971
0.3,100,10,9,187592
0.3,100,10,10,198184
0.3,100,10,11,199039
0.3,100,10,12,198315
0.3,100,10,13,203562
0.3,100,10,14,193867
0.3,100,10,15,195779
0.3,100,10,16,201071
0.3,100,10,17,198316
0.3,100,10,18,195594
0.3,100,10,19,197880
0.3,100,10,20,199237
0.3,100,10,21,187997
0.3,100,10,22,198395
0.3,100,10,23,201816
0.3,100,10,24,190413
0.3,100,10,25,202286
0.3,100,10,26,196741
0.3,100,10,27,178348
0.3,100,10,28,195999
0.3,100,10,29,189524
0.3,100,20,0,262203
0.3,100,20,1,266308
0.3,100,20,2,266076
0.3,100,20,3,274552
0.3,100,20,4,259819
0.3,100,20,5,268573
0.3,100,20,6,272091
0.3,100,20,7,268275
0.3,100,20,8,261875
0.3,100,20,9,269035
0.3,100,20,10,264933
0.3,100,20,11,265077
0.3,100,20,12,278336
0.3,100,20,13,267846
0.3,100,20,14,270045
0.3,100,20,15,274946
0.3,100,20,16,270971
0.3,100,20,17,272855
0.3,100,20,18,257995
0.3,100,20,19,278778
0.3,100,20,20,266203
0.3,100,20,21,271143
0.3,100,20,22,265019
0.3,100,20,23,270448
0.3,100,20,24,268383
0.3,100,20,25,277704
0.3,100,20,26,263042
0.3,100,20,27,276458
0.3,100,20,28,260382
0.3,100,20,29,274639
0.3,100,30,0,340763
0.3,100,30,1,332550
0.3,100,30,2,333902
0.3,100,30,3,339443
0.3,100,30,4,334678
0.3,100,30,5,332205
0.3,100,30,6,337188
0.3,100,30,7,335473
0.3,100,30,8,337957
0.3,100,30,9,340922
0.3,100,30,10,333096
0.3,100,30,11,325073
0.3,100,30,12,328235
0.3,100,30,13,329621
0.3,100,30,14,326338
0.3,100,30,15,334844
0.3,100,30,16,334243
0.3,100,30,17,332757
0.3,100,30,18,330669
0.3,100,30,19,334326
0.3,100,30,20,329657
0.3,100,30,21,336001
0.3,100,30,22,332796
0.3,100,30,23,338358
0.3,100,30,24,326871
0.3,100,30,25,316828
0.3,100,30,26,331402
0.3,100,30,27,334259
0.3,100,30,28,329683
0.3,100,30,29,327908
0.4,5,5,0,864
0.4,5,5,1,906
0.4,5,5,2,1186
0.4,5,5,3,882
0.4,5,5,4,1011
0.4,5,5,5,1108
0.4,5,5,6,1025
0.4,5,5,7,1096
0.4,5,5,8,892
0.4,5,5,9,1170
0.4,5,5,10,762
0.4,5,5,11,1063
0.4,5,5,12,1113
0.4,5,5,13,977
0.4,5,5,14,896
0.4,5,5,15,546
0.4,5,5,16,838
0.4,5,5,17,912
0.4,5,5,18,1111
0.4,5,5,19,845
0.4,5,5,20,959
0.4,5,5,21,910
0.4,5,5,22,763
0.4,5,5,23,915
0.4,5,5,24,1014
0.4,5,5,25,887
0.4,5,5,26,1139
0.4,5,5,27,945
0.4,5,5,28,868
0.4,5,5,29,855
0.4,5,10,0,2094
0.4,5,10,1,1536
0.4,5,10,2,2195
0.4,5,10,3,1480
0.4,5,10,4,1452
0.4,5,10,5,1937
0.4,5,10,6,1475
0.4,5,10,7,1634
0.4,5,10,8,1761
0.4,5,10,9,1923
0.4,5,10,10,2200
0.4,5,10,11,1551
0.4,5,10,12,2206
0.4,5,10,13,1547
0.4,5,10,14,1892
0.4,5,10,15,1389
0.4,5,10,16,1910
0.4,5,10,17,1817
0.4,5,10,18,1958
0.4,5,10,19,2061
0.4,5,10,20,1583
0.4,5,10,21,1455
0.4,5,10,22,2103
0.4,5,10,23,1766
0.4,5,10,24,1914
0.4,5,10,25,1780
0.4,5,10,26,2017
0.4,5,10,27,1420
0.4,5,10,28,1953
0.4,5,10,29,1689
0.4,5,20,0,2678
0.4,5,20,1,3408
0.4,5,20,2,3642
0.4,5,20,3,3471
0.4,5,20,4,3668
0.4,5,20,5,3620
0.4,5,20,6,3470
0.4,5,20,7,3539
0.4,5,20,8,3134
0.4,5,20,9,3495
0.4,5,20,10,2998
0.4,5,20,11,3544
0.4,5,20,12,3449
0.4,5,20,13,3492
0.4,5,20,14,3718
0.4,5,20,15,3009
0.4,5,20,16,3545
0.4,5,20,17,3269
0.4,5,20,18,3410
0.4,5,20,19,3192
0.4,5,20,20,3158
0.4,5,20,21,3495
0.4,5,20,22,3323
0.4,5,20,23,3331
0.4,5,20,24,3672
0.4,5,20,25,3657
0.4,5,20,26,3356
0.4,5,20,27,3441
0.4,5,20,28,3799
0.4,5,20,29,3409
0.4,5,30,0,4503
0.4,5,30,1,4660
0.4,5,30,2,4937
0.4,5,30,3,5156
0.4,5,30,4,4537
0.4,5,30,5,5248
0.4,5,30,6,4354
0.4,5,30,7,4721
0.4,5,30,8,5461
0.4,5,30,9,4316
0.4,5,30,10,4699
0.4,5,30,11,5042
0.4,5,30,12,4703
0.4,5,30,13,4868
0.4,5,30,14,5083
0.4,5,30,15,4581
0.4,5,30,16,4847
0.4,5,30,17,4773
0.4,5,30,18,5406
0.4,5,30,19,4773
0.4,5,30,20,5166
0.4,5,30,21,5095
0.4,5,30,22,4700
0.4,5,30,23,4964
0.4,5,30,24,5425
0.4,5,30,25,4805
0.4,5,30,26,5048
0.4,5,30,27,4677
0.4,5,30,28,5260
0.4,5,30,29,5047
0.4,10,5,0,2230
0.4,10,5,1,2251
0.4,10,5,2,2472
0.4,10,5,3,2449
0.4,10,5,4,2427
0.4,10,5,5,2431
0.4,10,5,6,2459
0.4,10,5,7,3118
0.4,10,5,8,2435
0.4,10,5,9,2697
0.4,10,5,10,2443
0.4,10,5,11,2295
0.4,10,5,12,2383
0.4,10,5,13,3104
0.4,10,5,14,2916
0.4,10,5,15,2470
0.4,10,5,16,2380
0.4,10,5,17,2270
0.4,10,5,18,2410
0.4,10,5,19,2971
0.4,10,5,20,2445
0.4,10,5,21,2736
0.4,10,5,22,2614
0.4,10,5,23,1849
0.4,10,5,24,2171
0.4,10,5,25,2047
0.4,10,5,26,2924
0.4,10,5,27,2293
0.4,10,5,28,2644
0.4,10,5,29,2239
0.4,10,10,0,4928
0.4,10,10,1,4601
0.4,10,10,2,3916
0.4,10,10,3,4449
0.4,10,10,4,3873
0.4,10,10,5,3746
0.4,10,10,6,3886
0.4,10,10,7,4819
0.4,10,10,8,4255
0.4,10,10,9,4783
0.4,10,10,10,4501
0.4,10,10,11,4161
0.4,10,10,12,3706
0.4,10,10,13,3818
0.4,10,10,14,4667
0.4,10,10,15,3948
0.4,10,10,16,3926
0.4,10,10,17,4424
0.4,10,10,18,4578
0.4,10,10,19,4213
0.4,10,10,20,4188
0.4,10,10,21,4790
0.4,10,10,22,3969
0.4,10,10,23,4472
0.4,10,10,24,3828
0.4,10,10,25,4471
0.4,10,10,26,4600
0.4,10,10,27,3967
0.4,10,10,28,3928
0.4,10,10,29,4254
0.4,10,20,0,7301
0.4,10,20,1,7901
0.4,10,20,2,8805
0.4,10,20,3,8067
0.4,10,20,4,7720
0.4,10,20,5,7747
0.4,10,20,6,7477
0.4,10,20,7,7949
0.4,10,20,8,7833
0.4,10,20,9,7708
0.4,10,20,10,7231
0.4,10,20,11,8043
0.4,10,20,12,8080
0.4,10,20,13,7714
0.4,10,20,14,7708
0.4,10,20,15,7405
0.4,10,20,16,8018
0.4,10,20,17,7948
0.4,10,20,18,6864
0.4,10,20,19,8398
0.4,10,20,20,7535
0.4,10,20,21,6803
0.4,10,20,22,8016
0.4,10,20,23,7584
0.4,10,20,24,6788
0.4,10,20,25,8039
0.4,10,20,26,7983
0.4,10,20,27,6861
0.4,10,20,28,8079
0.4,10,20,29,8338
0.4,10,30,0,10688
0.4,10,30,1,11278
0.4,10,30,2,11152
0.4,10,30,3,10891
0.4,10,30,4,11264
0.4,10,30,5,12026
0.4,10,30,6,10298
0.4,10,30,7,10979
0.4,10,30,8,10580
0.4,10,30,9,11182
0.4,10,30,10,11078
0.4,10,30,11,11858
0.4,10,30,12,10540
0.4,10,30,13,11182
0.4,10,30,14,10390
0.4,10,30,15,11666
0.4,10,30,16,11713
0.4,10,30,17,10914
0.4,10,30,18,10427
0.4,10,30,19,11076
0.4,10,30,20,10939
0.4,10,30,21,10586
0.4,10,30,22,10702
0.4,10,30,23,11228
0.4,10,30,24,11049
0.4,10,30,25,12429
0.4,10,30,26,11516
0.4,10,30,27,11032
0.4,10,30,28,10896
0.4,10,30,29,10272
0.4,20,5,0,7710
0.4,20,5,1,7161
0.4,20,5,2,8204
0.4,20,5,3,5815
0.4,20,5,4,8464
0.4,20,5,5,7960
0.4,20,5,6,7431
0.4,20,5,7,6716
0.4,20,5,8,7396
0.4,20,5,9,7556
0.4,20,5,10,7771
0.4,20,5,11,7537
0.4,20,5,12,7024
0.4,20,5,13,6675
0.4,20,5,14,7045
0.4,20,5,15,6876
0.4,20,5,16,7545
0.4,20,5,17,7163
0.4,20,5,18,7082
0.4,20,5,19,5592
0.4,20,5,20,6674
0.4,20,5,21,6340
0.4,20,5,22,7254
0.4,20,5,23,7205
0.4,20,5,24,7905
0.4,20,5,25,6922
0.4,20,5,26,7564
0.4,20,5,27,7294
0.4,20,5,28,6879
0.4,20,5,29,6950
0.4,20,10,0,11271
0.4,20,10,1,12377
0.4,20,10,2,11342
0.4,20,10,3,13574
0.4,20,10,4,11377
0.4,20,10,5,11423
0.4,20,10,6,12123
0.4,20,10,7,11102
0.4,20,10,8,10420
0.4,20,10,9,11492
0.4,20,10,10,10611
0.4,20,10,11,11645
0.4,20,10,12,13034
0.4,20,10,13,11884
0.4,20,10,14,11200
0.4,20,10,15,11273
0.4,20,10,16,12172
0.4,20,10,17,11725
0.4,20,10,18,11513
0.4,20,10,19,11468
0.4,20,10,20,11811
0.4,20,10,21,11735
0.4,20,10,22,11028
0.4,20,10,23,11373
0.4,20,10,24,11662
0.4,20,10,25,10257
0.4,20,10,26,11371
0.4,20,10,27,10659
0.4,20,10,28,10244
0.4,20,10,29,11032
0.4,20,20,0,18855
0.4,20,20,1,19841
0.4,20,20,2,18329
0.4,20,20,3,17404
0.4,20,20,4,17712
0.4,20,20,5,19930
0.4,20,20,6,20928
0.4,20,20,7,19356
0.4,20,20,8,17615
0.4,20,20,9,18220
0.4,20,20,10,19254
0.4,20,20,11,19685
0.4,20,20,12,18890
0.4,20,20,13,19469
0.4,20,20,14,20103
0.4,20,20,15,19222
0.4,20,20,16,19707
0.4,20,20,17,19493
0.4,20,20,18,19398
0.4,20,20,19,19534
0.4,20,20,20,18871
0.4,20,20,21,20321
0.4,20,20,22,18976
0.4,20,20,23,18676
0.4,20,20,24,19324
0.4,20,20,25,19492
0.4,20,20,26,18749
0.4,20,20,27,18949
0.4,20,20,28,19448
0.4,20,20,29,18860
0.4,20,30,0,26259
0.4,20,30,1,26612
0.4,20,30,2,27634
0.4,20,30,3,29104
0.4,20,30,4,27632
0.4,20,30,5,26811
0.4,20,30,6,26419
0.4,20,30,7,25569
0.4,20,30,8,27631
0.4,20,30,9,27518
0.4,20,30,10,26307
0.4,20,30,11,27330
0.4,20,30,12,27215
0.4,20,30,13,28507
0.4,20,30,14,27020
0.4,20,30,15,29865
0.4,20,30,16,27422
0.4,20,30,17,25514
0.4,20,30,18,26693
0.4,20,30,19,26692
0.4,20,30,20,27072
0.4,20,30,21,27256
0.4,20,30,22,28196
0.4,20,30,23,25802
0.4,20,30,24,25950
0.4,20,30,25,27035
0.4,20,30,26,26683
0.4,20,30,27,27619
0.4,20,30,28,26608
0.4,20,30,29,27573
0.4,30,5,0,17173
0.4,30,5,1,13180
0.4,30,5,2,13140
0.4,30,5,3,12972
0.4,30,5,4,12249
0.4,30,5,5,13218
0.4,30,5,6,12489
0.4,30,5,7,13287
0.4,30,5,8,14338
0.4,30,5,9,15696
0.4,30,5,10,14582
0.4,30,5,11,14261
0.4,30,5,12,13504
0.4,30,5,13,15275
0.4,30,5,14,17516
0.4,30,5,15,12984
0.4,30,5,16,13142
0.4,30,5,17,14583
0.4,30,5,18,15019
0.4,30,5,19,11184
0.4,30,5,20,17158
0.4,30,5,21,15764
0.4,30,5,22,13752
0.4,30,5,23,13712
0.4,30,5,24,16054
0.4,30,5,25,16568
0.4,30,5,26,12695
0.4,30,5,27,15296
0.4,30,5,28,14316
0.4,30,5,29,15092
0.4,30,10,0,19507
0.4,30,10,1,21258
0.4,30,10,2,19643
0.4,30,10,3,21103
0.4,30,10,4,19366
0.4,30,10,5,21478
0.4,30,10,6,21575
0.4,30,10,7,19099
0.4,30,10,8,20937
0.4,30,10,9,22550
0.4,30,10,10,21352
0.4,30,10,11,21695
0.4,30,10,12,21530
0.4,30,10,13,22918
0.4,30,10,14,21459
0.4,30,10,15,21889
0.4,30,10,16,21533
0.4,30,10,17,21143
0.4,30,10,18,19901
0.4,30,10,19,21470
0.4,30,10,20,23643
0.4,30,10,21,21574
0.4,30,10,22,20421
0.4,30,10,23,20592
0.4,30,10,24,19893
0.4,30,10,25,22141
0.4,30,10,26,21007
0.4,30,10,27,22056
0.4,30,10,28,20399
0.4,30,10,29,20950
0.4,30,20,0,32817
0.4,30,20,1,34068
0.4,30,20,2,33890
0.4,30,20,3,34781
0.4,30,20,4,31830
0.4,30,20,5,34735
0.4,30,20,6,33563
0.4,30,20,7,32831
0.4,30,20,8,33238
0.4,30,20,9,36231
0.4,30,20,10,35116
0.4,30,20,11,33295
0.4,30,20,12,34648
0.4,30,20,13,33108
0.4,30,20,14,32596
0.4,30,20,15,33975
0.4,30,20,16,33492
0.4,30,20,17,33579
0.4,30,20,18,34086
0.4,30,20,19,32471
0.4,30,20,20,32028
0.4,30,20,21,34791
0.4,30,20,22,34401
0.4,30,20,23,34762
0.4,30,20,24,34085
0.4,30,20,25,33302
0.4,30,20,26,32294
0.4,30,20,27,34961
0.4,30,20,28,36006
0.4,30,20,29,32986
0.4,30,30,0,47405
0.4,30,30,1,45237
0.4,30,30,2,46805
0.4,30,30,3,45951
0.4,30,30,4,45463
0.4,30,30,5,46227
0.4,30,30,6,48390
0.4,30,30,7,46845
0.4,30,30,8,45964
0.4,30,30,9,47254
0.4,30,30,10,45505
0.4,30,30,11,46181
0.4,30,30,12,45058
0.4,30,30,13,47209
0.4,30,30,14,46647
0.4,30,30,15,47625
0.4,30,30,16,43982
0.4,30,30,17,45014
0.4,30,30,18,46899
0.4,30,30,19,48280
0.4,30,30,20,49251
0.4,30,30,21,48468
0.4,30,30,22,45544
0.4,30,30,23,49661
0.4,30,30,24,45776
0.4,30,30,25,47811
0.4,30,30,26,49223
0.4,30,30,27,47425
0.4,30,30,28,47704
0.4,30,30,29,46138
0.4,50,5,0,35955
0.4,50,5,1,34582
0.4,50,5,2,31964
0.4,50,5,3,31185
0.4,50,5,4,36577
0.4,50,5,5,38178
0.4,50,5,6,31942
0.4,50,5,7,35161
0.4,50,5,8,36696
0.4,50,5,9,37880
0.4,50,5,10,32913
0.4,50,5,11,32539
0.4,50,5,12,35776
0.4,50,5,13,37999
0.4,50,5,14,34464
0.4,50,5,15,35475
0.4,50,5,16,36739
0.4,50,5,17,33414
0.4,50,5,18,32642
0.4,50,5,19,31801
0.4,50,5,20,36374
0.4,50,5,21,35103
0.4,50,5,22,35551
0.4,50,5,23,34049
0.4,50,5,24,34313
0.4,50,5,25,37115
0.4,50,5,26,33828
0.4,50,5,27,39571
0.4,50,5,28,35443
0.4,50,5,29,35454
0.4,50,10,0,48993
0.4,50,10,1,50209
0.4,50,10,2,51057
0.4,50,10,3,50302
0.4,50,10,4,46394
0.4,50,10,5,47935
0.4,50,10,6,48655
0.4,50,10,7,46544
0.4,50,10,8,47811
0.4,50,10,9,48573
0.4,50,10,10,49702
0.4,50,10,11,47837
0.4,50,10,12,48489
0.4,50,10,13,45804
0.4,50,10,14,54759
0.4,50,10,15,48680
0.4,50,10,16,50719
0.4,50,10,17,47198
0.4,50,10,18,46618
0.4,50,10,19,49628
0.4,50,10,20,47515
0.4,50,10,21,48761
0.4,50,10,22,48690
0.4,50,10,23,48665
0.4,50,10,24,46977
0.4,50,10,25,45754
0.4,50,10,26,53628
0.4,50,10,27,48200
0.4,50,10,28,47698
0.4,50,10,29,46234
0.4,50,20,0,69178
0.4,50,20,1,74545
0.4,50,20,2,72091
0.4,50,20,3,74417
0.4,50,20,4,75499
0.4,50,20,5,74061
0.4,50,20,6,74498
0.4,50,20,7,73693
0.4,50,20,8,73305
0.4,50,20,9,77474
0.4,50,20,10,72430
0.4,50,20,11,70880
0.4,50,20,12,77631
0.4,50,20,13,76687
0.4,50,20,14,71076
0.4,50,20,15,72288
0.4,50,20,16,75791
0.4,50,20,17,70930
0.4,50,20,18,70559
0.4,50,20,19,75557
0.4,50,20,20,72466
0.4,50,20,21,72457
0.4,50,20,22,72571
0.4,50,20,23,71439
0.4,50,20,24,74143
0.4,50,20,25,73074
0.4,50,20,26,76276
0.4,50,20,27,70740
0.4,50,20,28,74068
0.4,50,20,29,72642
0.4,50,30,0,96113
0.4,50,30,1,96773
0.4,50,30,2,98922
0.4,50,30,3,99530
0.4,50,30,4,96910
0.4,50,30,5,97500
0.4,50,30,6,94552
0.4,50,30,7,93958
0.4,50,30,8,96613
0.4,50,30,9,99859
0.4,50,30,10,96775
0.4,50,30,11,94500
0.4,50,30,12,97027
0.4,50,30,13,97597
0.4,50,30,14,99284
0.4,50,30,15,98177
0.4,50,30,16,98628
0.4,50,30,17,98285
0.4,50,30,18,99975
0.4,50,30,19,94595
0.4,50,30,20,96498
0.4,50,30,21,94263
0.4,50,30,22,97336
0.4,50,30,23,94676
0.4,50,30,24,98848
0.4,50,30,25,98301
0.4,50,30,26,96961
0.4,50,30,27,100634
0.4,50,30,28,99864
0.4,50,30,29,99855
0.4,100,5,0,115491
0.4,100,5,1,118111
0.4,100,5,2,124027
0.4,100,5,3,129409
0.4,100,5,4,132309
0.4,100,5,5,130831
0.4,100,5,6,117053
0.4,100,5,7,128865
0.4,100,5,8,127308
0.4,100,5,9,125417
0.4,100,5,10,139601
0.4,100,5,11,122433
0.4,100,5,12,126722
0.4,100,5,13,129238
0.4,100,5,14,138669
0.4,100,5,15,137262
0.4,100,5,16,134052
0.4,100,5,17,134395
0.4,100,5,18,123600
0.4,100,5,19,138190
0.4,100,5,20,127260
0.4,100,5,21,116848
0.4,100,5,22,127134
0.4,100,5,23,123091
0.4,100,5,24,125451
0.4,100,5,25,122994
0.4,100,5,26,126455
0.4,100,5,27,129875
0.4,100,5,28,126609
0.4,100,5,29,126597
0.4,100,10,0,163828
0.4,100,10,1,157222
0.4,100,10,2,173357
0.4,100,10,3,163985
0.4,100,10,4,166713
0.4,100,10,5,161323
0.4,100,10,6,158734
0.4,100,10,7,165777
0.4,100,10,8,164073
0.4,100,10,9,171430
0.4,100,10,10,169670
0.4,100,10,11,161954
0.4,100,10,12,159323
0.4,100,10,13,168515
0.4,100,10,14,166133
0.4,100,10,15,159149
0.4,100,10,16,169156
0.4,100,10,17,158919
0.4,100,10,18,171703
0.4,100,10,19,160335
0.4,100,10,20,156813
0.4,100,10,21,166231
0.4,100,10,22,164830
0.4,100,10,23,158982
0.4,100,10,24,161505
0.4,100,10,25,168265
0.4,100,10,26,159759
0.4,100,10,27,171586
0.4,100,10,28,163069
0.4,100,10,29,172194
0.4,100,20,0,231500
0.4,100,20,1,229752
0.4,100,20,2,234266
0.4,100,20,3,235873
0.4,100,20,4,235159
0.4,100,20,5,222728
0.4,100,20,6,226142
0.4,100,20,7,226293
0.4,100,20,8,236880
0.4,100,20,9,232438
0.4,100,20,10,213031
0.4,100,20,11,220111
0.4,100,20,12,231091
0.4,100,20,13,230480
0.4,100,20,14,227075
0.4,100,20,15,225733
0.4,100,20,16,238349
0.4,100,20,17,229445
0.4,100,20,18,223863
0.4,100,20,19,222502
0.4,100,20,20,237938
0.4,100,20,21,225433
0.4,100,20,22,221724
0.4,100,20,23,227160
0.4,100,20,24,228040
0.4,100,20,25,222933
0.4,100,20,26,229432
0.4,100,20,27,222931
0.4,100,20,28,225341
0.4,100,20,29,237971
0.4,100,30,0,283978
0.4,100,30,1,287912
0.4,100,30,2,284480
0.4,100,30,3,274698
0.4,100,30,4,286724
0.4,100,30,5,289188
0.4,100,30,6,290750
0.4,100,30,7,282053
0.4,100,30,8,274045
0.4,100,30,9,290916
0.4,100,30,10,296649
0.4,100,30,11,281305
0.4,100,30,12,292885
0.4,100,30,13,289361
0.4,100,30,14,291611
0.4,100,30,15,287840
0.4,100,30,16,285531
0.4,100,30,17,287859
0.4,100,30,18,285494
0.4,100,30,19,288936
0.4,100,30,20,292387
0.4,100,30,21,282845
0.4,100,30,22,296961
0.4,100,30,23,287484
0.4,100,30,24,292470
0.4,100,30,25,293694
0.4,100,30,26,296541
0.4,100,30,27,287562
0.4,100,30,28,276541
0.4,100,30,29,292818
