d,n,m,i,igapo.ft,igapo.nps.ft
0.2,5,5,2,1321,1321
0.2,5,5,5,1596,1596
0.2,5,5,4,1462,1462
0.2,5,5,7,1512,1512
0.2,5,5,3,1533,1533
0.2,5,5,6,1572,1572
0.2,5,5,0,1194,1194
0.2,5,5,1,1322,1322
0.2,5,5,10,1267,1267
0.2,5,5,8,1369,1369
0.2,5,5,9,997,997
0.2,5,5,11,1288,1288
0.2,5,5,13,1344,1344
0.2,5,5,12,1640,1640
0.2,5,5,14,1688,1688
0.2,5,5,15,1248,1248
0.2,5,5,16,1377,1377
0.2,5,5,17,1165,1165
0.2,5,5,18,1218,1218
0.2,5,5,20,1447,1447
0.2,5,5,19,1300,1300
0.2,5,5,22,1279,1217
0.2,5,5,23,1584,1584
0.2,5,5,21,1298,1298
0.2,5,5,26,1402,1402
0.2,5,5,27,1141,1141
0.2,5,5,25,1295,1295
0.2,5,5,28,1592,1592
0.2,5,5,24,1289,1289
0.2,5,5,29,1202,1202
0.2,5,10,0,2276,2276
0.2,5,10,1,2561,2561
0.2,5,10,2,2591,2591
0.2,5,10,5,2535,2535
0.2,5,10,7,2122,2122
0.2,5,10,3,2436,2436
0.2,5,10,6,3105,3105
0.2,5,10,4,2423,2423
0.2,5,10,9,2272,2272
0.2,5,10,8,2190,2190
0.2,5,10,11,2723,2723
0.2,5,10,10,2884,2884
0.2,5,10,12,2589,2589
0.2,5,10,13,2568,2568
0.2,5,10,15,2672,2672
0.2,5,10,14,2587,2545
0.2,5,10,17,2678,2678
0.2,5,10,18,2602,2602
0.2,5,10,16,2606,2606
0.2,5,10,19,2305,2305
0.2,5,10,20,2345,2345
0.2,5,10,21,2211,2211
0.2,5,10,22,2732,2732
0.2,5,10,23,1966,1966
0.2,5,10,24,2409,2409
0.2,5,10,27,2753,2753
0.2,5,10,25,2843,2843
0.2,5,10,28,2202,2169
0.2,5,10,26,2122,2122
0.2,5,10,29,2699,2699
0.2,5,20,0,5163,5163
0.2,5,20,3,4571,4571
0.2,5,20,1,4804,4782
0.2,5,20,2,4543,4543
0.2,5,20,6,4819,4819
0.2,5,20,5,4887,4887
0.2,5,20,4,4806,4806
0.2,5,20,7,4305,4305
0.2,5,20,10,4038,4038
0.2,5,20,11,5070,5070
0.2,5,20,8,4733,4733
0.2,5,20,12,4611,4611
0.2,5,20,13,4631,4631
0.2,5,20,9,4978,4772
0.2,5,20,14,4756,4756
0.2,5,20,15,4733,4733
0.2,5,20,16,4630,4625
0.2,5,20,17,4419,4419
0.2,5,20,19,4700,4700
0.2,5,20,18,4542,4542
0.2,5,20,21,4595,4595
0.2,5,20,20,4169,4169
0.2,5,20,22,4374,4374
0.2,5,20,24,4786,4786
0.2,5,20,23,4617,4617
0.2,5,20,27,4987,4987
0.2,5,20,26,4875,4875
0.2,5,20,25,5147,5134
0.2,5,20,28,5051,5051
0.2,5,30,1,6376,6376
0.2,5,20,29,4790,4790
0.2,5,30,0,6565,6565
0.2,5,30,2,6855,6855
0.2,5,30,3,6884,6884
0.2,5,30,5,6173,6059
0.2,5,30,6,6567,6567
0.2,5,30,4,6043,5904
0.2,5,30,9,6222,6222
0.2,5,30,7,7003,6696
0.2,5,30,8,6822,6814
0.2,5,30,10,6579,6579
0.2,5,30,12,7202,7202
0.2,5,30,11,6838,6728
0.2,5,30,14,7414,7414
0.2,5,30,15,6551,6551
0.2,5,30,13,7255,7255
0.2,5,30,17,6569,6569
0.2,5,30,16,6951,6951
0.2,5,30,18,6885,6885
0.2,5,30,19,6866,6866
0.2,5,30,20,6995,6995
0.2,5,30,23,6431,6431
0.2,5,30,21,7442,7442
0.2,5,30,24,6221,6221
0.2,5,30,25,6981,6929
0.2,5,30,26,6691,6691
0.2,5,30,22,6945,6945
0.2,5,30,27,7157,7157
0.2,5,30,28,7311,7311
0.2,5,30,29,5996,5854
0.2,100,5,1,186117,186117
0.2,100,5,0,185345,185345
0.2,100,5,6,189888,189888
0.2,100,5,3,183930,183919
0.2,100,5,4,181778,181778
0.2,100,5,5,188737,188737
0.2,100,5,7,188577,188577
0.2,100,5,2,190402,190402
0.2,100,5,8,185988,185962
0.2,100,5,11,180445,180445
0.2,100,5,10,178937,178937
0.2,100,5,9,181785,181785
0.2,100,5,12,176526,176526
0.2,100,5,13,191610,191610
0.2,100,5,15,186772,186756
0.2,100,5,14,183348,183348
0.2,100,5,18,185884,185873
0.2,100,5,17,174505,174505
0.2,100,5,16,183141,183141
0.2,100,5,21,194042,193975
0.2,100,5,20,177999,177927
0.2,100,5,22,193673,193673
0.2,100,5,23,171389,171389
0.2,100,5,19,186877,186877
0.2,100,5,24,203105,203105
0.2,100,5,28,178367,178367
0.2,100,5,25,181703,181703
0.2,100,5,29,180693,180692
0.2,100,5,26,181498,181498
0.2,100,5,27,180828,180702
0.2,100,10,0,233983,233866
0.2,100,10,1,232068,232026
0.2,100,10,3,236333,235646
0.2,100,10,5,238620,238539
0.2,100,10,4,234915,234915
0.2,100,10,9,240393,240127
0.2,100,10,6,237173,236958
0.2,100,10,7,238803,238620
0.2,100,10,11,240714,240274
0.2,100,10,12,232430,232223
0.2,100,10,8,233029,232059
0.2,100,10,2,234940,234686
0.2,100,10,13,230794,230481
0.2,100,10,10,236458,236422
0.2,100,10,16,237261,237261
0.2,100,10,18,228204,227982
0.2,100,10,15,232541,232499
0.2,100,10,17,245569,245470
0.2,100,10,20,227148,226855
0.2,100,10,19,236103,236070
0.2,100,10,22,233088,233088
0.2,100,10,23,239372,239020
0.2,100,10,25,216580,216567
0.2,100,10,14,236370,236116
0.2,100,10,24,230449,230441
0.2,100,10,21,215055,214341
0.2,100,10,26,240232,239389
0.2,100,10,27,233347,233079
0.2,100,10,28,236608,236525
0.2,100,10,29,236113,235966
0.2,100,20,1,319273,318740
0.2,100,20,2,321736,320884
0.2,100,20,4,301244,301015
0.2,100,20,0,312616,312140
0.2,100,20,3,326315,326135
0.2,100,20,5,308298,307675
0.2,100,20,8,316598,316228
0.2,100,20,6,310268,309214
0.2,100,20,10,304328,303789
0.2,100,20,7,319218,318350
0.2,100,20,11,310569,309069
0.2,100,20,9,309396,307264
0.2,100,20,12,299955,298805
0.2,100,20,15,315157,314158
0.2,100,20,18,311903,311805
0.2,100,20,14,310261,309977
0.2,100,20,13,310534,309962
0.2,100,20,19,307285,306858
0.2,100,20,20,313096,312671
0.2,100,20,17,308594,308068
0.2,100,20,21,308340,307526
0.2,100,20,16,310328,309987
0.2,100,20,23,306737,306661
0.2,100,20,22,305959,305671
0.2,100,20,24,319006,318213
0.2,100,20,27,315889,315617
0.2,100,20,28,316188,315459
0.2,100,20,25,302682,301826
0.2,100,20,29,313406,311624
0.2,100,20,26,318197,318094
0.2,100,30,2,376052,374271
0.2,100,30,5,393202,392811
0.2,100,30,1,379287,378334
0.2,100,30,7,378447,377808
0.2,100,30,3,391158,389766
0.2,100,30,6,389144,385930
0.2,100,30,4,391483,389500
0.2,100,30,8,383810,380980
0.2,100,30,0,377380,375987
0.2,100,30,11,380715,378735
0.2,100,30,13,383661,382661
0.2,100,30,14,396484,393002
0.2,100,30,12,380788,379708
0.2,100,30,15,385139,384366
0.2,100,30,19,393435,392236
0.2,100,30,10,375199,373831
0.2,100,30,18,379912,378984
0.2,100,30,16,385651,382703
0.2,100,30,17,384761,382822
0.2,100,30,21,380882,377893
0.2,100,30,9,379314,377576
0.2,100,30,22,376660,375167
0.2,100,30,20,381299,379972
0.2,10,5,0,3253,3169
0.2,10,5,1,3784,3784
0.2,10,5,2,4110,4110
0.2,10,5,3,4519,4519
0.2,10,5,4,3199,3199
0.2,10,5,5,3437,3437
0.2,10,5,6,2858,2858
0.2,10,5,7,3814,3814
0.2,10,5,8,3928,3928
0.2,10,5,9,3530,3530
0.2,10,5,10,3345,3345
0.2,10,5,11,3329,3329
0.2,10,5,12,3389,3389
0.2,10,5,13,3812,3812
0.2,10,5,14,3146,3146
0.2,10,5,15,3787,3787
0.2,10,5,16,3984,3984
0.2,100,30,23,381387,378972
0.2,10,5,17,3340,3340
0.2,10,5,18,4377,4377
0.2,10,5,20,3831,3831
0.2,10,5,19,4121,4121
0.2,10,5,21,3325,3325
0.2,10,5,22,3954,3954
0.2,10,5,23,3216,3216
0.2,10,5,24,3896,3896
0.2,10,5,25,3311,3311
0.2,10,5,26,3668,3668
0.2,10,5,27,3975,3975
0.2,10,5,28,2811,2811
0.2,10,5,29,3341,3341
0.2,10,10,0,6900,6900
0.2,10,10,1,5704,5704
0.2,10,10,2,6287,6287
0.2,10,10,3,6180,6180
0.2,10,10,4,5993,5993
0.2,10,10,5,5999,5961
0.2,10,10,6,6766,6428
0.2,10,10,7,6218,6218
0.2,10,10,8,7373,7373
0.2,10,10,9,5703,5703
0.2,10,10,10,6205,6205
0.2,10,10,11,6657,6657
0.2,10,10,13,6638,6501
0.2,10,10,12,6181,6181
0.2,10,10,15,6218,6218
0.2,10,10,14,5360,5360
0.2,10,10,16,6752,6752
0.2,10,10,17,6405,6320
0.2,10,10,18,6023,5927
0.2,10,10,19,5772,5772
0.2,10,10,21,6279,6279
0.2,10,10,20,6434,6434
0.2,10,10,23,5389,5389
0.2,10,10,22,6783,6709
0.2,10,10,24,6255,6255
0.2,10,10,25,6198,6198
0.2,10,10,26,6367,6367
0.2,10,10,27,5655,5655
0.2,10,10,28,6010,5880
0.2,10,10,29,5356,5356
0.2,10,20,0,10871,10871
0.2,10,20,1,10796,10527
0.2,10,20,2,10028,10028
0.2,10,20,3,10531,10531
0.2,10,20,4,12340,12340
0.2,10,20,5,10982,10952
0.2,10,20,6,11279,11279
0.2,10,20,7,10919,10753
0.2,10,20,8,10715,10715
0.2,10,20,9,10476,10476
0.2,10,20,10,10880,10825
0.2,10,20,11,10974,10972
0.2,10,20,12,11628,11588
0.2,10,20,13,11182,11182
0.2,10,20,14,11069,10992
0.2,10,20,15,11008,10872
0.2,10,20,16,10409,10409
0.2,10,20,17,10033,10010
0.2,10,20,18,11299,10959
0.2,10,20,19,10198,10020
0.2,10,20,20,11099,11066
0.2,10,20,21,10391,10090
0.2,10,20,22,9937,9937
0.2,10,20,23,11367,11329
0.2,10,20,24,11404,11404
0.2,10,20,25,11212,11146
0.2,10,20,27,10497,10497
0.2,10,20,26,11263,11046
0.2,10,20,29,10457,10330
0.2,10,20,28,11541,11536
0.2,10,30,0,14450,14450
0.2,10,30,1,14842,14842
0.2,10,30,2,15055,15055
0.2,10,30,3,14733,14572
0.2,10,30,4,14011,14011
0.2,10,30,5,15574,15558
0.2,10,30,6,15565,15565
0.2,10,30,7,14806,14806
0.2,10,30,8,16112,16016
0.2,10,30,9,16529,16511
0.2,10,30,10,16408,16408
0.2,10,30,11,16293,16293
0.2,10,30,12,14725,14725
0.2,10,30,13,14258,14155
0.2,10,30,14,16057,16057
0.2,10,30,15,15403,15100
0.2,10,30,17,14748,14748
0.2,10,30,16,14411,14136
0.2,10,30,18,14816,14816
0.2,10,30,19,15774,15754
0.2,10,30,20,14583,14583
0.2,10,30,21,15413,15393
0.2,10,30,23,15325,15269
0.2,10,30,22,14543,14431
0.2,10,30,24,14395,14369
0.2,10,30,25,15328,15328
0.2,10,30,26,15270,15197
0.2,10,30,27,16350,16350
0.2,10,30,28,15918,15896
0.2,10,30,29,15571,15397
0.2,20,5,1,11076,11076
0.2,20,5,0,10223,10223
0.2,20,5,3,10195,10195
0.2,20,5,2,10003,10003
0.2,20,5,4,11082,11082
0.2,20,5,5,10151,10151
0.2,20,5,6,9960,9960
0.2,20,5,7,11139,11127
0.2,20,5,8,10625,10625
0.2,20,5,9,11465,11356
0.2,20,5,10,9805,9805
0.2,20,5,11,10887,10887
0.2,20,5,12,10591,10591
0.2,20,5,13,10535,10535
0.2,20,5,14,9436,9436
0.2,20,5,15,11672,11672
0.2,20,5,16,9046,9046
0.2,20,5,17,9386,9386
0.2,20,5,18,10510,10510
0.2,20,5,19,10301,10301
0.2,20,5,20,9887,9887
0.2,20,5,21,11074,11068
0.2,20,5,22,10607,10607
0.2,20,5,23,11921,11921
0.2,20,5,24,11467,11454
0.2,20,5,25,8803,8803
0.2,20,5,26,8834,8834
0.2,20,5,27,10221,10221
0.2,20,5,28,9730,9730
0.2,20,5,29,10641,10641
0.2,20,10,0,15916,15913
0.2,20,10,1,15399,15359
0.2,20,10,2,15746,15711
0.2,20,10,3,15867,15662
0.2,20,10,5,14576,14576
0.2,20,10,4,15232,15232
0.2,20,10,7,15794,15752
0.2,20,10,6,16732,16732
0.2,20,10,9,16466,16466
0.2,20,10,8,17295,17295
0.2,20,10,11,15100,14897
0.2,20,10,10,17497,17497
0.2,20,10,12,15122,15122
0.2,20,10,13,16487,16487
0.2,20,10,15,16961,16961
0.2,20,10,14,16523,16523
0.2,20,10,16,16095,16095
0.2,20,10,17,17250,17128
0.2,20,10,18,16171,16171
0.2,20,10,19,16763,16683
0.2,20,10,20,15204,15204
0.2,20,10,21,15786,15741
0.2,20,10,22,15267,15267
0.2,20,10,23,16208,16131
0.2,20,10,25,15764,15764
0.2,20,10,24,17317,17148
0.2,20,10,26,15760,15760
0.2,20,10,27,15800,15800
0.2,20,10,28,17110,17110
0.2,20,10,29,15130,14961
0.2,20,20,1,26879,26783
0.2,20,20,0,26730,26642
0.2,20,20,2,27210,27210
0.2,20,20,3,27208,27070
0.2,100,30,26,383442,381172
0.2,20,20,4,25410,25410
0.2,20,20,5,26673,26594
0.2,20,20,7,25969,25435
0.2,20,20,6,27620,27467
0.2,20,20,8,28196,28196
0.2,20,20,10,26128,26063
0.2,20,20,9,25926,25758
0.2,20,20,11,25592,25592
0.2,20,20,12,26169,26117
0.2,20,20,14,26001,25810
0.2,20,20,13,27424,27381
0.2,20,20,15,26976,26905
0.2,20,20,16,28481,28397
0.2,20,20,17,25999,25688
0.2,20,20,18,26301,26301
0.2,20,20,19,27142,27104
0.2,20,20,20,27077,27062
0.2,20,20,21,26047,25705
0.2,20,20,22,26364,26356
0.2,20,20,23,27602,27482
0.2,20,20,24,26369,26247
0.2,20,20,25,26685,26685
0.2,20,20,26,25448,25058
0.2,100,30,27,384786,383292
0.2,20,20,27,26459,26454
0.2,20,20,28,26872,26872
0.2,20,20,29,26831,26423
0.2,20,30,0,36891,36312
0.2,20,30,1,37726,37464
0.2,20,30,3,36568,36475
0.2,20,30,2,36546,36328
0.2,20,30,4,34902,34890
0.2,20,30,5,36852,36827
0.2,20,30,7,34709,34701
0.2,20,30,6,37460,37075
0.2,100,30,24,378637,376355
0.2,20,30,8,35513,35376
0.2,20,30,10,34540,33909
0.2,20,30,9,35937,35831
0.2,20,30,12,34029,33875
0.2,20,30,11,35779,35436
0.2,20,30,13,36153,36037
0.2,20,30,14,37431,36846
0.2,20,30,15,37981,37955
0.2,20,30,16,38629,38553
0.2,20,30,17,35280,35280
0.2,20,30,18,37711,37326
0.2,20,30,19,37105,37105
0.2,20,30,20,36342,36297
0.2,20,30,21,35790,35538
0.2,20,30,23,36179,36179
0.2,20,30,22,39473,39445
0.2,20,30,26,36615,36398
0.2,20,30,24,36129,36103
0.2,20,30,27,36889,36889
0.2,20,30,25,37294,37294
0.2,20,30,28,36063,35998
0.2,30,5,0,18476,18464
0.2,30,5,1,22011,22011
0.2,30,5,2,20570,20570
0.2,30,5,3,20442,20442
0.2,30,5,4,16424,16424
0.2,20,30,29,36359,36359
0.2,30,5,5,24320,24320
0.2,30,5,7,20518,20518
0.2,30,5,6,21465,21465
0.2,30,5,8,20361,20361
0.2,30,5,9,20987,20729
0.2,30,5,10,19993,19993
0.2,30,5,11,21381,21381
0.2,30,5,12,20522,20522
0.2,30,5,13,19199,19199
0.2,30,5,15,20557,20557
0.2,30,5,14,19448,19417
0.2,30,5,16,20056,20040
0.2,30,5,18,20993,20993
0.2,30,5,17,19157,19157
0.2,30,5,20,19486,19483
0.2,30,5,19,21032,21032
0.2,30,5,21,19145,19145
0.2,30,5,23,20763,20763
0.2,30,5,22,20250,20250
0.2,30,5,24,19444,19444
0.2,30,5,25,17390,17390
0.2,30,5,26,20800,20742
0.2,30,5,28,20725,20725
0.2,30,5,27,18663,18663
0.2,30,5,29,18734,18627
0.2,30,10,0,27833,27813
0.2,30,10,1,28821,28501
0.2,30,10,3,29689,29689
0.2,30,10,4,28487,28487
0.2,30,10,2,28818,28810
0.2,30,10,6,29166,29107
0.2,30,10,7,32540,32000
0.2,30,10,5,29756,29701
0.2,30,10,8,29425,29425
0.2,30,10,9,30756,30165
0.2,30,10,12,27608,27608
0.2,30,10,11,31241,31241
0.2,30,10,10,29863,29848
0.2,30,10,13,29148,29049
0.2,30,10,14,30757,30757
0.2,100,30,25,381249,380372
0.2,30,10,15,29994,29936
0.2,30,10,16,29766,29669
0.2,30,10,17,30344,30344
0.2,30,10,19,28963,28963
0.2,30,10,18,33158,33158
0.2,30,10,20,30625,30530
0.2,30,10,21,28669,28669
0.2,30,10,22,35357,35357
0.2,30,10,23,27781,27749
0.2,30,10,24,30351,30197
0.2,30,10,26,29427,29427
0.2,30,10,25,30339,30260
0.2,30,10,27,30496,30496
0.2,30,10,28,29243,29243
0.2,30,10,29,27781,27767
0.2,30,20,2,47971,47750
0.2,30,20,0,46273,46116
0.2,30,20,4,47988,47691
0.2,30,20,3,45422,45422
0.2,30,20,1,46201,46048
0.2,30,20,5,48256,48190
0.2,30,20,6,48765,48555
0.2,30,20,7,47972,47761
0.2,30,20,8,48130,48130
0.2,30,20,10,47355,47135
0.2,30,20,11,47926,47905
0.2,30,20,9,46681,46595
0.2,30,20,13,49367,49252
0.2,30,20,14,48236,48229
0.2,30,20,12,47039,46845
0.2,30,20,15,49424,49392
0.2,30,20,17,50665,50565
0.2,30,20,16,46787,46655
0.2,30,20,18,46560,46360
0.2,30,20,20,47980,47823
0.2,30,20,19,45111,45010
0.2,30,20,21,46277,45798
0.2,30,20,22,46190,45945
0.2,30,20,23,49438,49265
0.2,30,20,25,49583,49259
0.2,30,20,24,48615,48615
0.2,30,20,26,48875,48721
0.2,30,20,27,45459,45459
0.2,30,20,28,46099,46099
0.2,30,20,29,46355,46129
0.2,100,30,28,382087,380796
0.2,30,30,1,61460,61121
0.2,30,30,2,64155,63772
0.2,30,30,3,61977,61951
0.2,30,30,5,63954,63335
0.2,30,30,6,62306,61983
0.2,30,30,4,65485,65048
0.2,30,30,0,62041,61721
0.2,30,30,8,63909,63654
0.2,30,30,7,61807,61290
0.2,30,30,9,64062,64026
0.2,30,30,10,62688,62499
0.2,30,30,11,64047,64047
0.2,30,30,12,63958,63900
0.2,30,30,14,61868,61519
0.2,30,30,16,63121,62956
0.2,30,30,15,63413,63010
0.2,30,30,18,64075,63840
0.2,30,30,17,63190,62834
0.2,30,30,13,63745,63668
0.2,30,30,19,62630,61927
0.2,30,30,20,63144,63035
0.2,30,30,21,61867,61709
0.2,30,30,22,64321,64140
0.2,30,30,24,63100,62793
0.2,30,30,25,65570,65570
0.2,30,30,26,62258,62090
0.2,30,30,23,60145,60013
0.2,30,30,29,65361,65058
0.2,30,30,28,60481,60092
0.2,30,30,27,62997,62294
0.2,50,5,0,46129,46129
0.2,50,5,2,54564,54564
0.2,50,5,1,44235,44235
0.2,50,5,3,45299,45299
0.2,50,5,4,46359,46342
0.2,50,5,5,44940,44940
0.2,50,5,9,51586,51570
0.2,50,5,6,55311,55311
0.2,50,5,7,54852,54852
0.2,50,5,8,56162,56157
0.2,50,5,10,49221,49221
0.2,50,5,11,47071,47066
0.2,50,5,12,52669,52669
0.2,50,5,13,47871,47871
0.2,50,5,15,54435,54398
0.2,50,5,16,57247,57247
0.2,50,5,17,49589,49589
0.2,50,5,14,53811,53811
0.2,50,5,18,46137,46137
0.2,50,5,19,49468,49410
0.2,50,5,21,50229,50229
0.2,50,5,20,50940,50938
0.2,50,5,22,50357,50357
0.2,50,5,23,52162,52162
0.2,50,5,24,52195,52172
0.2,50,5,25,56679,56679
0.2,50,5,26,53305,53305
0.2,50,5,28,52209,52209
0.2,50,5,27,48204,48094
0.2,50,5,29,55561,55561
0.2,50,10,0,66262,66262
0.2,50,10,1,66915,66802
0.2,50,10,3,65322,65109
0.2,50,10,4,70139,69740
0.2,50,10,2,70246,69779
0.2,50,10,6,70107,70105
0.2,50,10,5,64291,64273
0.2,50,10,7,70407,70367
0.2,50,10,8,66670,66373
0.2,50,10,9,68706,68619
0.2,50,10,10,69068,68826
0.2,50,10,11,66156,65670
0.2,50,10,13,72857,72548
0.2,50,10,12,67149,66545
0.2,50,10,14,68503,68152
0.2,50,10,16,67619,67465
0.2,50,10,17,65857,65857
0.2,50,10,15,66519,66309
0.2,50,10,18,67223,67223
0.2,50,10,19,68948,68889
0.2,50,10,22,70182,70095
0.2,50,10,21,70836,70568
0.2,50,10,23,69563,69519
0.2,50,10,20,68416,68235
0.2,50,10,26,72834,72834
0.2,50,10,24,66009,65847
0.2,50,10,28,67144,67144
0.2,50,10,25,67337,67029
0.2,50,10,27,73842,73693
0.2,50,10,29,71641,71182
0.2,50,20,0,101563,101428
0.2,50,20,1,98065,97306
0.2,100,30,29,378772,376807
0.2,50,20,5,99410,99306
0.2,50,20,4,99839,99266
0.2,50,20,3,100144,99346
0.2,50,20,7,97665,97004
0.2,50,20,2,96476,96461
0.2,50,20,10,101972,101695
0.2,50,20,6,99719,99715
0.2,50,20,12,99524,98750
0.2,50,20,9,100150,99818
0.2,50,20,11,101275,101013
0.2,50,20,8,102207,102207
0.2,50,20,13,100929,100878
0.2,50,20,14,98454,98331
0.2,50,20,16,100213,100124
0.2,50,20,15,96332,96231
0.2,50,20,19,101036,100265
0.2,50,20,17,102293,101694
0.2,50,20,18,100045,100016
0.2,50,20,20,100235,99571
0.2,50,20,21,102880,102610
0.2,50,20,25,99151,98660
0.2,50,20,22,99892,99880
0.2,50,20,27,100957,100788
0.2,50,20,23,99280,99095
0.2,50,20,26,103192,102325
0.2,50,20,24,102132,102006
0.2,50,20,28,105447,105306
0.2,50,20,29,102273,101820
0.2,50,30,2,131552,130702
0.2,50,30,3,133061,132780
0.2,50,30,0,129305,128827
0.2,50,30,4,133562,132956
0.2,50,30,1,132313,131691
0.2,50,30,5,136237,135087
0.2,50,30,6,127487,126856
0.2,50,30,7,127441,127162
0.2,50,30,10,135276,134013
0.2,50,30,8,125579,125424
0.2,50,30,11,129734,129107
0.2,50,30,9,131014,130525
0.2,50,30,14,129689,129277
0.2,50,30,13,127386,126520
0.2,50,30,15,130517,129956
0.2,50,30,18,131062,130108
0.2,50,30,17,124067,123111
0.2,50,30,12,132808,132641
0.2,50,30,16,131743,131450
0.2,50,30,23,128548,127845
0.2,50,30,20,134891,134708
0.2,50,30,21,129031,128654
0.2,50,30,22,127707,127024
0.3,5,5,0,1171,1171
0.3,5,5,1,1058,1058
0.3,5,5,2,1113,1113
0.3,5,5,3,1245,1245
0.3,5,5,4,990,990
0.3,5,5,5,1002,1002
0.3,5,5,6,1060,1060
0.3,5,5,7,1531,1531
0.3,5,5,8,1154,1154
0.3,5,5,9,1053,1053
0.2,50,30,24,131145,130582
0.3,5,5,10,1092,1092
0.3,5,5,11,826,826
0.3,5,5,12,1126,1126
0.3,5,5,13,1073,1073
0.3,5,5,14,909,909
0.3,5,5,15,1004,1004
0.2,50,30,25,127832,127522
0.3,5,5,16,1243,1243
0.3,5,5,17,1236,1236
0.3,5,5,18,1123,1123
0.3,5,5,19,1342,1342
0.3,5,5,20,1599,1599
0.3,5,5,21,1124,1124
0.3,5,5,23,1572,1572
0.3,5,5,22,1248,1248
0.3,5,5,24,1028,1028
0.3,5,5,25,1387,1387
0.3,5,5,26,1380,1380
0.3,5,5,27,1273,1213
0.3,5,5,28,1339,1339
0.3,5,5,29,1003,1003
0.3,5,10,0,1852,1852
0.3,5,10,1,2185,2185
0.3,5,10,2,1735,1720
0.3,5,10,4,2314,2314
0.3,5,10,3,2126,2093
0.3,5,10,5,2352,2352
0.3,5,10,6,2098,2097
0.3,5,10,7,2193,2193
0.3,5,10,8,2505,2505
0.3,5,10,10,2076,2076
0.3,5,10,9,2449,2449
0.3,5,10,11,2244,2244
0.3,5,10,13,2151,2151
0.3,5,10,12,2432,2432
0.3,5,10,14,2335,2335
0.3,5,10,15,2244,2244
0.3,5,10,16,1922,1922
0.3,5,10,17,1986,1888
0.3,5,10,18,2393,2309
0.3,5,10,19,2214,2170
0.3,5,10,20,1949,1949
0.3,5,10,21,2281,2281
0.3,5,10,22,2023,2023
0.3,5,10,23,2124,2124
0.3,5,10,24,2176,2169
0.3,5,10,25,2097,2097
0.3,5,10,26,2139,2139
0.3,5,10,27,2437,2437
0.3,5,10,28,2357,2357
0.3,5,10,29,2504,2504
0.3,5,20,0,4297,4297
0.3,5,20,1,4754,4754
0.3,5,20,2,3591,3528
0.3,5,20,5,4878,4878
0.3,5,20,3,4318,4318
0.3,5,20,4,4462,4462
0.3,5,20,6,4007,3955
0.3,5,20,8,3894,3894
0.3,5,20,7,3578,3545
0.3,5,20,9,4034,4034
0.3,5,20,10,4405,4175
0.3,5,20,11,4145,4115
0.2,50,30,19,124195,123882
0.3,5,20,13,4277,4277
0.3,5,20,12,4342,4246
0.3,5,20,14,4379,4379
0.3,5,20,15,3667,3495
0.3,5,20,17,3819,3819
0.3,5,20,19,4296,4296
0.3,5,20,16,4200,4150
0.3,5,20,18,4537,4531
0.3,5,20,20,4110,4110
0.3,5,20,21,4109,3825
0.3,5,20,22,4484,4484
0.3,5,20,23,3650,3650
0.3,5,20,24,3747,3732
0.3,5,20,26,3767,3731
0.3,5,20,25,4122,4122
0.3,5,20,27,4747,4747
0.3,5,20,28,4153,4153
0.3,5,20,29,4185,4185
0.3,5,30,0,5634,5634
0.3,5,30,2,6234,6234
0.3,5,30,3,5599,5599
0.3,5,30,1,6369,6369
0.3,5,30,4,6004,6004
0.3,5,30,5,5730,5721
0.3,5,30,7,6221,6221
0.3,5,30,6,6224,6216
0.3,5,30,8,6672,6672
0.3,5,30,10,5829,5829
0.3,5,30,9,6272,6252
0.3,5,30,11,5749,5571
0.3,5,30,12,5632,5632
0.3,5,30,13,6653,6653
0.3,5,30,14,6454,6454
0.3,5,30,15,5579,5579
0.3,5,30,16,6111,6111
0.3,5,30,17,5804,5804
0.3,5,30,18,5684,5684
0.3,5,30,19,6090,6090
0.3,5,30,20,6066,6066
0.3,5,30,21,5920,5752
0.3,5,30,23,5255,5240
0.3,5,30,22,5811,5643
0.3,5,30,24,6107,6107
0.3,5,30,25,6136,6116
0.3,5,30,26,5705,5607
0.3,5,30,28,6475,6475
0.3,5,30,27,6443,6443
0.3,5,30,29,5809,5809
0.2,50,30,26,131999,131135
0.2,50,30,27,130724,130527
0.2,50,30,28,129519,129180
0.2,50,30,29,129660,129448
0.3,100,5,0,154057,153984
0.3,100,5,1,157835,157835
0.3,100,5,2,141355,141355
0.3,100,5,3,155515,155503
0.3,100,5,4,143743,143743
0.3,100,5,5,155668,155668
0.3,100,5,6,155637,155637
0.3,100,5,11,144459,144459
0.3,100,5,7,149221,149220
0.3,100,5,9,165592,165586
0.3,100,5,10,150061,150061
0.3,100,5,12,162174,162174
0.3,100,5,8,160235,160235
0.3,100,5,13,149675,149675
0.3,100,5,14,152798,152783
0.3,100,5,15,144563,144554
0.3,100,5,17,153372,153261
0.3,100,5,18,157690,157690
0.3,100,5,16,161473,161473
0.3,100,5,20,148986,148986
0.3,100,5,21,149258,149258
0.3,100,5,22,155711,155711
0.3,100,5,24,154249,154249
0.3,100,5,19,162165,162123
0.3,100,5,23,158760,158760
0.3,100,5,26,155936,155936
0.3,100,5,25,157374,157374
0.3,100,5,28,158209,158209
0.3,100,5,27,151406,151406
0.3,100,10,1,190612,190413
0.3,100,5,29,149778,149778
0.3,100,10,0,191378,190620
0.3,100,10,2,200865,200368
0.3,100,10,5,201177,200813
0.3,100,10,6,210684,210471
0.3,100,10,3,208818,208307
0.3,100,10,10,199751,199571
0.3,100,10,8,196522,196220
0.3,100,10,4,200148,200099
0.3,100,10,9,190558,190103
0.3,100,10,7,197301,197301
0.3,100,10,12,201155,201148
0.3,100,10,16,203346,203123
0.3,100,10,11,200876,200737
0.3,100,10,13,206881,206684
0.3,100,10,15,197354,197070
0.3,100,10,14,199855,199567
0.3,100,10,18,198935,198708
0.3,100,10,20,201843,201455
0.3,100,10,19,199886,199171
0.3,100,10,22,200160,199664
0.3,100,10,23,204945,204758
0.3,100,10,24,192242,192187
0.3,100,10,21,191567,191407
0.3,100,10,25,204924,204486
0.3,100,10,29,192627,192237
0.3,100,10,17,201590,201142
0.3,100,10,26,199987,199714
0.3,100,10,28,197869,197564
0.3,100,10,27,181203,181039
0.3,100,20,0,266563,265734
0.3,100,20,1,271089,269756
0.3,100,20,3,277766,276110
0.3,100,20,6,278488,277327
0.3,100,20,2,268152,267998
0.3,100,20,4,263418,262146
0.3,100,20,9,272716,271248
0.3,100,20,8,265840,264964
0.3,100,20,11,268946,265431
0.3,100,20,12,282917,282163
0.3,100,20,13,273564,273052
0.3,100,20,7,273092,272234
0.3,100,20,5,271882,270709
0.3,100,20,10,269383,267711
0.3,100,20,14,274983,274181
0.3,100,20,16,276318,275914
0.3,100,20,17,279359,277966
0.3,100,20,15,278108,276915
0.3,100,20,20,268774,268107
0.3,100,20,18,264319,263132
0.3,100,20,19,283752,282560
0.3,100,20,21,275560,274066
0.3,100,20,22,270716,269732
0.3,100,20,24,273469,272694
0.3,100,20,25,280969,279512
0.3,100,20,26,267946,265814
0.3,100,20,23,274991,273111
0.3,100,20,27,282464,280739
0.3,100,20,28,266842,264998
0.3,100,20,29,278158,277387
0.3,100,30,2,340275,339212
0.3,100,30,4,338597,337231
0.3,100,30,5,340205,337669
0.3,100,30,1,337548,336145
0.3,100,30,3,347636,344370
0.3,100,30,6,341561,338363
0.3,100,30,10,336888,336089
0.3,100,30,13,334540,332392
0.3,100,30,9,349507,348363
0.3,100,30,8,345091,343910
0.3,100,30,11,330226,326653
0.3,100,30,12,334055,331272
0.3,100,30,0,349162,346658
0.3,100,30,7,341492,339566
0.3,100,30,15,341377,339196
0.3,100,30,14,333870,331205
0.3,100,30,17,339632,336559
0.3,100,30,19,344650,343396
0.3,100,30,18,336947,335060
0.3,100,30,20,336877,333804
0.3,100,30,16,340553,337210
0.3,100,30,24,333161,329692
0.3,100,30,22,338056,336130
0.3,10,5,0,3100,3100
0.3,10,5,1,3206,3206
0.3,10,5,2,2717,2717
0.3,10,5,3,2850,2850
0.3,10,5,4,2550,2550
0.3,10,5,5,3296,3296
0.3,10,5,6,3249,3249
0.3,10,5,7,2459,2459
0.3,10,5,8,3382,3382
0.3,10,5,9,3164,3164
0.3,10,5,10,3106,3106
0.3,10,5,11,3428,3428
0.3,10,5,12,3593,3593
0.3,10,5,13,2744,2744
0.3,10,5,14,3133,3133
0.3,10,5,15,3306,3306
0.3,10,5,16,2992,2992
0.3,10,5,17,3502,3502
0.3,10,5,18,3342,3342
0.3,10,5,19,3423,3423
0.3,10,5,20,2808,2808
0.3,10,5,21,2756,2756
0.3,10,5,22,2805,2805
0.3,10,5,23,3486,3486
0.3,10,5,24,2780,2780
0.3,10,5,25,3184,3184
0.3,10,5,26,3083,3083
0.3,10,5,27,2565,2565
0.3,10,5,28,3585,3585
0.3,10,5,29,3154,3138
0.3,10,10,0,5144,5144
0.3,10,10,1,5116,5076
0.3,10,10,2,5074,5074
0.3,10,10,3,4704,4704
0.3,10,10,4,4942,4942
0.3,10,10,5,4634,4634
0.3,10,10,6,5051,5050
0.3,10,10,7,4889,4857
0.3,10,10,8,5077,5077
0.3,10,10,9,5422,5278
0.3,10,10,10,5553,5553
0.3,10,10,11,6010,5909
0.3,10,10,12,5490,5490
0.3,100,30,21,342229,338992
0.3,10,10,13,5100,5045
0.3,10,10,14,5781,5670
0.3,10,10,15,4896,4896
0.3,10,10,16,5254,5254
0.3,10,10,18,5132,5132
0.3,10,10,17,4942,4865
0.3,10,10,19,5142,5142
0.3,10,10,20,6002,6002
0.3,10,10,22,5012,4975
0.3,10,10,21,5238,5238
0.3,10,10,23,5262,5262
0.3,10,10,24,5283,5283
0.3,10,10,25,5497,5497
0.3,10,10,26,5998,5913
0.3,10,10,27,5383,5248
0.3,10,10,28,5556,5556
0.3,10,10,29,5201,5201
0.3,10,20,0,9734,9734
0.3,10,20,1,9970,9848
0.3,10,20,2,10779,10749
0.3,10,20,3,9979,9786
0.3,10,20,4,9147,9147
0.3,10,20,5,9055,8878
0.3,10,20,6,8804,8804
0.3,10,20,7,8283,8283
0.3,10,20,8,9356,9336
0.3,10,20,9,9341,9341
0.3,10,20,10,9564,9401
0.3,10,20,11,10014,9697
0.3,10,20,12,10102,10102
0.3,10,20,13,9133,9110
0.3,10,20,14,9057,8914
0.3,10,20,15,9938,9894
0.3,10,20,16,9213,9211
0.3,10,20,17,9523,9523
0.3,10,20,18,9839,9777
0.3,10,20,19,9965,9831
0.3,10,20,20,9307,9240
0.3,10,20,21,10057,9848
0.3,10,20,22,10207,10207
0.3,10,20,23,9410,9395
0.3,10,20,24,8907,8649
0.3,10,20,25,9331,9331
0.3,10,20,26,10025,9951
0.3,100,30,23,342965,339804
0.3,10,20,27,9546,9407
0.3,10,20,28,8361,8309
0.3,10,20,29,8694,8436
0.3,10,30,0,13994,13958
0.3,10,30,1,13432,13373
0.3,10,30,2,12971,12798
0.3,10,30,3,13634,13475
0.3,10,30,4,12363,12363
0.3,10,30,5,13456,13322
0.3,10,30,6,13242,13242
0.3,10,30,7,13248,13069
0.3,10,30,8,12980,12980
0.3,10,30,9,12524,12524
0.3,10,30,10,13343,13343
0.3,10,30,11,13768,13515
0.3,10,30,12,13220,12980
0.3,10,30,13,13779,13645
0.3,10,30,14,14226,13878
0.3,10,30,15,12799,12799
0.3,10,30,17,13191,13189
0.3,10,30,16,13644,13353
0.3,10,30,18,13873,13873
0.3,10,30,19,14862,14592
0.3,10,30,20,13435,13174
0.3,10,30,21,14038,14037
0.3,10,30,22,14180,14180
0.3,10,30,23,13418,13418
0.3,10,30,24,15136,14938
0.3,10,30,25,14881,14881
0.3,10,30,26,13453,13285
0.3,10,30,27,14083,13860
0.3,10,30,29,14285,14104
0.3,10,30,28,13291,13291
0.3,20,5,0,9453,9453
0.3,20,5,2,8721,8721
0.3,20,5,1,9015,9015
0.3,20,5,3,8189,8189
0.3,20,5,5,9147,9147
0.3,20,5,4,8464,8464
0.3,20,5,6,8937,8937
0.3,20,5,8,7890,7890
0.3,20,5,7,9246,9246
0.3,20,5,9,9295,9295
0.3,20,5,10,8609,8609
0.3,20,5,11,11590,11590
0.3,20,5,12,7868,7868
0.3,20,5,13,8027,8027
0.3,20,5,14,7693,7693
0.3,20,5,15,9281,9281
0.3,20,5,16,8312,8312
0.3,20,5,17,9571,9571
0.3,20,5,18,9563,9563
0.3,20,5,19,9833,9833
0.3,20,5,20,7544,7544
0.3,20,5,21,9012,9012
0.3,20,5,22,8229,8229
0.3,20,5,23,7797,7797
0.3,20,5,24,9264,9264
0.3,20,5,25,8814,8814
0.3,20,5,26,9550,9550
0.3,20,5,27,9934,9934
0.3,20,5,28,8625,8625
0.3,20,5,29,9036,9036
0.3,20,10,0,14160,14160
0.3,20,10,1,13747,13747
0.3,20,10,2,12749,12675
0.3,20,10,3,13529,13529
0.3,20,10,4,13531,13531
0.3,20,10,5,14074,13768
0.3,20,10,6,13484,13361
0.3,20,10,7,13192,13192
0.3,20,10,8,13408,13407
0.3,20,10,9,14026,14015
0.3,20,10,10,13354,13330
0.3,20,10,11,13035,13030
0.3,20,10,12,15159,15129
0.3,20,10,13,14400,14400
0.3,20,10,14,13783,13783
0.3,20,10,15,13362,13362
0.3,20,10,16,14234,14234
0.3,20,10,17,14510,14510
0.3,20,10,19,11836,11721
0.3,20,10,18,15090,15090
0.3,20,10,20,14781,14781
0.3,20,10,21,14408,14398
0.3,20,10,22,13648,13648
0.3,20,10,23,15023,15023
0.3,20,10,24,13952,13930
0.3,20,10,25,13943,13943
0.3,20,10,26,14589,14482
0.3,20,10,27,13689,13647
0.3,20,10,28,14438,14438
0.3,20,10,29,13714,13710
0.3,20,20,1,22749,22271
0.3,20,20,0,22761,22556
0.3,20,20,2,21859,21785
0.3,20,20,3,23998,23841
0.3,20,20,4,22765,22564
0.3,20,20,5,20735,20620
0.3,20,20,7,22657,22542
0.3,20,20,6,24338,24327
0.3,20,20,8,25167,24957
0.3,20,20,9,25068,24879
0.3,20,20,10,22688,22593
0.3,20,20,11,23139,23014
0.3,20,20,12,24487,24406
0.3,20,20,14,22818,22514
0.3,20,20,13,21819,21807
0.3,20,20,16,22566,22309
0.3,20,20,17,22773,22156
0.3,20,20,15,23996,23865
0.3,20,20,20,23553,23414
0.3,20,20,19,21865,21745
0.3,20,20,18,23547,23321
0.3,20,20,21,24413,24336
0.3,20,20,23,25578,25081
0.3,20,20,22,23095,22965
0.3,20,20,25,23564,23482
0.3,20,20,24,23831,23823
0.3,20,20,26,24700,24447
0.3,20,20,27,22909,22791
0.3,20,20,29,21523,21321
0.3,20,20,28,23137,22766
0.3,20,30,1,30215,30079
0.3,20,30,0,31987,31808
0.3,20,30,2,32589,31986
0.3,20,30,5,34084,34047
0.3,20,30,3,34891,34339
0.3,20,30,4,32299,32164
0.3,20,30,7,33160,33040
0.3,20,30,6,33800,32674
0.3,20,30,8,31094,30962
0.3,100,30,27,340287,338312
0.3,20,30,9,31526,31137
0.3,20,30,10,32224,32062
0.3,20,30,12,32844,32608
0.3,20,30,13,32889,32238
0.3,20,30,11,33679,33486
0.3,20,30,14,32033,31957
0.3,20,30,15,31832,31726
0.3,20,30,16,33301,33187
0.3,20,30,17,33815,33495
0.3,20,30,18,32463,31994
0.3,20,30,20,32761,32750
0.3,20,30,19,30740,30707
0.3,20,30,21,31332,30430
0.3,20,30,22,29614,29209
0.3,20,30,23,33514,33113
0.3,20,30,24,32756,32734
0.3,20,30,26,32861,32666
0.3,20,30,28,30300,30288
0.3,20,30,25,32623,32542
0.3,20,30,27,31163,31065
0.3,20,30,29,32794,32293
0.3,30,5,0,16606,16606
0.3,30,5,1,17100,17100
0.3,30,5,2,18878,18805
0.3,30,5,3,16410,16410
0.3,30,5,4,21184,21184
0.3,30,5,5,17188,17188
0.3,30,5,6,16178,16178
0.3,30,5,7,19293,19293
0.3,30,5,8,17544,17544
0.3,30,5,10,18141,18141
0.3,30,5,9,18473,18473
0.3,30,5,11,16811,16785
0.3,30,5,12,17840,17840
0.3,30,5,13,16894,16894
0.3,30,5,14,18909,18909
0.3,30,5,15,15691,15691
0.3,30,5,16,15932,15879
0.3,30,5,17,15842,15807
0.3,30,5,18,16830,16830
0.3,30,5,19,15363,15269
0.3,30,5,20,18771,18768
0.3,30,5,21,16068,16068
0.3,30,5,22,16743,16743
0.3,30,5,23,17086,17086
0.3,30,5,25,15007,15007
0.3,30,5,24,20670,20670
0.3,30,5,26,17613,17613
0.3,30,5,27,16603,16603
0.3,30,5,28,16554,16554
0.3,30,5,29,18099,18099
0.3,30,10,0,25448,25448
0.3,100,30,28,336526,334529
0.3,30,10,1,26024,26024
0.3,30,10,3,25130,25128
0.3,30,10,2,24385,24278
0.3,30,10,5,24008,24008
0.3,30,10,4,25439,25423
0.3,30,10,6,25033,25033
0.3,30,10,7,26108,26088
0.3,30,10,8,25763,25763
0.3,30,10,9,24067,23936
0.3,100,30,26,337282,335059
0.3,30,10,10,25646,25630
0.3,100,30,25,324502,322433
0.3,30,10,12,26926,26911
0.3,30,10,11,26555,26260
0.3,30,10,13,25426,25403
0.3,30,10,15,24437,24437
0.3,30,10,14,28334,28290
0.3,30,10,17,23688,23457
0.3,30,10,16,26467,26467
0.3,30,10,20,25191,25191
0.3,30,10,19,24509,24421
0.3,30,10,18,25956,25845
0.3,30,10,21,25344,25294
0.3,30,10,22,26127,26127
0.3,30,10,23,24100,23885
0.3,30,10,24,25693,25688
0.3,30,10,25,23812,23736
0.3,30,10,26,26468,26425
0.3,30,10,27,27378,27326
0.3,30,10,28,25662,25654
0.3,30,10,29,25813,25808
0.3,30,20,1,43807,43696
0.3,30,20,4,43230,43038
0.3,30,20,2,41810,41810
0.3,30,20,0,38751,38564
0.3,30,20,3,41368,41117
0.3,30,20,6,40834,40513
0.3,30,20,5,42955,42934
0.3,30,20,7,41441,41353
0.3,30,20,8,40869,40815
0.3,30,20,9,40912,40867
0.3,30,20,10,42016,41532
0.3,30,20,11,42456,41979
0.3,30,20,13,41792,41474
0.3,30,20,12,40915,40811
0.3,30,20,15,40863,40646
0.3,30,20,14,41900,41890
0.3,30,20,18,41559,41467
0.3,30,20,17,40385,40329
0.3,30,20,19,42358,41984
0.3,30,20,16,38951,38475
0.3,30,20,21,42053,42053
0.3,30,20,20,40479,39528
0.3,30,20,22,42288,41963
0.3,30,20,24,40898,40752
0.3,30,20,23,43512,42984
0.3,30,20,26,41145,40941
0.3,30,20,25,39814,39691
0.3,30,20,27,41116,40980
0.3,30,20,29,44202,43920
0.3,30,20,28,41493,41037
0.3,30,30,3,56138,55703
0.3,30,30,1,57862,56940
0.3,30,30,0,54564,54010
0.3,30,30,2,56625,56428
0.3,30,30,5,55284,55147
0.3,30,30,4,54556,54170
0.3,30,30,6,57623,57098
0.3,30,30,7,53949,53445
0.3,30,30,8,53452,53166
0.3,30,30,9,56944,56228
0.3,30,30,11,55324,54981
0.3,30,30,10,56813,56425
0.3,30,30,12,57085,56856
0.3,30,30,13,56062,55477
0.3,30,30,15,58023,57756
0.3,30,30,14,59022,57795
0.3,30,30,16,54118,53222
0.3,30,30,17,53767,53283
0.3,30,30,20,54723,54360
0.3,30,30,18,54881,54445
0.3,30,30,23,57755,56897
0.3,30,30,19,54673,54249
0.3,30,30,21,57089,56898
0.3,30,30,24,55872,55529
0.3,30,30,22,56514,56250
0.3,30,30,26,55672,55182
0.3,50,5,0,48011,48011
0.3,30,30,28,54928,54599
0.3,30,30,27,58242,57302
0.3,50,5,1,42888,42888
0.3,30,30,29,57221,56595
0.3,50,5,3,41525,41525
0.3,50,5,2,42785,42748
0.3,30,30,25,55328,55048
0.3,50,5,4,40638,40638
0.3,50,5,5,40624,40624
0.3,50,5,6,41616,41547
0.3,50,5,7,43612,43612
0.3,50,5,9,36433,36433
0.3,50,5,8,40661,40661
0.3,50,5,10,40045,40045
0.3,50,5,11,44675,44675
0.3,100,30,29,335805,334632
0.3,50,5,12,39133,39133
0.3,50,5,13,41477,41477
0.3,50,5,16,41053,41030
0.3,50,5,14,42501,42501
0.3,50,5,15,43807,43805
0.3,50,5,18,37918,37918
0.3,50,5,17,40294,40294
0.3,50,5,20,43191,43191
0.3,50,5,23,37221,37221
0.3,50,5,24,47173,47173
0.3,50,5,21,42402,42309
0.3,50,5,19,43430,43430
0.3,50,5,26,37330,37330
0.3,50,5,22,47364,47351
0.3,50,5,25,41377,41375
0.3,50,5,27,46037,46037
0.3,50,5,28,51598,51598
0.3,50,5,29,44688,44688
0.3,50,10,0,58369,58345
0.3,50,10,2,55184,55023
0.3,50,10,3,56269,56224
0.3,50,10,4,59874,59729
0.3,50,10,1,56228,56111
0.3,50,10,5,60422,60416
0.3,50,10,7,56667,56566
0.3,50,10,8,59705,59633
0.3,50,10,6,59505,59275
0.3,50,10,10,59868,59696
0.3,50,10,11,55753,55686
0.3,50,10,9,59865,59812
0.3,50,10,14,56847,56509
0.3,50,10,13,70834,70719
0.3,50,10,12,56878,56831
0.3,50,10,16,55250,55231
0.3,50,10,15,58194,58194
0.3,50,10,17,58808,58410
0.3,50,10,18,56968,56668
0.3,50,10,20,59868,59526
0.3,50,10,19,57846,57801
0.3,50,10,21,59393,59312
0.3,50,10,22,62616,62435
0.3,50,10,23,57619,57412
0.3,50,10,24,58774,58197
0.3,50,10,26,59549,59549
0.3,50,10,25,57235,57189
0.3,50,10,28,58766,58649
0.3,50,10,29,59664,59567
0.3,50,10,27,61053,60985
0.3,50,20,2,90090,89764
0.3,50,20,3,84779,84288
0.3,50,20,1,87145,86783
0.3,50,20,6,88052,87287
0.3,50,20,7,86605,86128
0.3,50,20,5,87116,86891
0.3,50,20,4,88202,87995
0.3,50,20,0,83246,82584
0.3,50,20,9,86295,86122
0.3,50,20,11,90194,89417
0.3,50,20,12,87124,86550
0.3,50,20,8,91390,90511
0.3,50,20,10,89559,89501
0.3,50,20,13,90170,89490
0.3,50,20,15,82326,82110
0.3,50,20,14,86237,85757
0.3,50,20,16,87052,86424
0.3,50,20,18,88917,87756
0.3,50,20,19,87325,86947
0.3,50,20,20,88470,87926
0.3,50,20,22,91224,91110
0.3,50,20,17,88984,88663
0.3,50,20,21,87471,87169
0.3,50,20,24,87565,87307
0.3,50,20,23,87762,87446
0.3,50,20,25,93778,93636
0.3,50,20,26,90414,89877
0.3,50,20,27,88835,87368
0.3,50,20,28,89609,89231
0.3,50,20,29,86324,86103
0.3,50,30,2,116440,115022
0.3,50,30,4,113841,112656
0.3,50,30,5,114486,114129
0.3,50,30,6,118930,118244
0.3,50,30,3,115559,114761
0.3,50,30,1,112032,111260
0.3,50,30,7,112020,111396
0.3,50,30,9,114690,113798
0.3,50,30,12,116887,116192
0.3,50,30,0,115684,115451
0.3,50,30,14,112588,112280
0.3,50,30,11,113678,112895
0.3,50,30,8,115011,113971
0.3,50,30,10,116554,115764
0.3,50,30,13,115587,114300
0.3,50,30,16,115115,114953
0.3,50,30,18,115740,115206
0.3,50,30,21,111546,110810
0.3,50,30,19,116732,116054
0.3,50,30,20,114730,114211
0.3,50,30,15,114419,113752
0.3,50,30,17,113086,112965
0.3,50,30,22,115869,115436
0.4,5,5,0,864,864
0.4,5,5,1,906,906
0.4,5,5,2,1186,1186
0.4,5,5,3,882,882
0.4,5,5,4,1046,1046
0.4,5,5,5,1108,1108
0.4,5,5,6,1025,1025
0.4,5,5,7,1150,1150
0.4,5,5,8,896,896
0.4,5,5,9,1170,1170
0.4,5,5,10,762,762
0.4,5,5,11,1063,1063
0.4,5,5,12,1113,1113
0.4,5,5,13,998,977
0.4,5,5,14,969,969
0.4,5,5,15,546,546
0.4,5,5,16,838,838
0.4,5,5,17,912,912
0.4,5,5,18,1163,1163
0.4,5,5,19,846,846
0.4,5,5,20,959,959
0.4,5,5,21,970,970
0.4,5,5,22,763,763
0.4,5,5,23,915,915
0.4,5,5,24,1014,1014
0.4,5,5,25,900,900
0.4,5,5,26,1139,1139
0.4,5,5,27,1016,945
0.4,5,5,28,874,874
0.4,5,5,29,961,961
0.4,5,10,0,2106,2106
0.4,5,10,1,1563,1563
0.4,5,10,2,2272,2272
0.4,5,10,3,1520,1498
0.4,5,10,4,1473,1473
0.4,5,10,5,2026,2026
0.4,5,10,6,1487,1487
0.4,5,10,7,1661,1654
0.4,5,10,8,1849,1849
0.4,5,10,9,1994,1994
0.4,5,10,10,2220,2220
0.4,5,10,11,1551,1551
0.4,5,10,12,2206,2206
0.4,5,10,13,1563,1563
0.4,5,10,14,1964,1964
0.4,5,10,15,1413,1413
0.4,5,10,16,2140,2140
0.4,5,10,17,1821,1821
0.4,5,10,18,1977,1972
0.4,5,10,19,2061,2061
0.4,5,10,20,1800,1704
0.4,5,10,21,1455,1455
0.4,5,10,22,2184,2184
0.4,5,10,23,1824,1824
0.4,5,10,24,2084,1914
0.4,5,10,25,1889,1815
0.4,5,10,26,2068,2068
0.4,5,10,27,1592,1465
0.4,5,10,28,1975,1975
0.4,5,10,29,1753,1753
0.4,5,20,0,2892,2892
0.4,5,20,1,3719,3497
0.4,5,20,2,4028,4028
0.4,5,20,3,3697,3697
0.4,5,20,4,3777,3777
0.4,5,20,5,3895,3845
0.4,5,20,6,3675,3675
0.4,5,20,7,3704,3704
0.4,5,20,8,3241,3134
0.4,5,20,9,3642,3642
0.4,5,20,10,3215,3208
0.4,5,20,11,3698,3698
0.4,5,20,12,3673,3673
0.4,5,20,13,3561,3561
0.4,5,20,14,3923,3769
0.4,5,20,15,3041,3015
0.4,5,20,16,3545,3545
0.4,5,20,17,3367,3367
0.3,50,30,25,116704,115137
0.4,5,20,18,3528,3499
0.4,5,20,19,3276,3276
0.4,5,20,20,3314,3218
0.3,50,30,23,113361,111967
0.4,5,20,22,3407,3407
0.4,5,20,21,3714,3622
0.4,5,20,23,3395,3395
0.4,5,20,26,3466,3466
0.4,5,20,24,3762,3762
0.4,5,20,25,4086,4072
0.4,5,20,28,3951,3951
0.4,5,20,27,3746,3595
0.4,5,20,29,3491,3446
0.4,5,30,0,4956,4593
0.4,5,30,1,4858,4858
0.4,5,30,2,5301,5173
0.4,5,30,3,5313,5289
0.4,5,30,4,4742,4670
0.4,5,30,5,5587,5248
0.4,5,30,6,4397,4397
0.4,5,30,7,4987,4859
0.4,5,30,8,5915,5878
0.4,5,30,9,4476,4333
0.4,5,30,10,4930,4916
0.4,5,30,11,5347,5343
0.4,5,30,12,5134,5039
0.4,5,30,13,5127,5116
0.4,5,30,14,5410,5410
0.4,5,30,15,4756,4707
0.4,5,30,16,5474,5209
0.4,5,30,17,5128,5050
0.4,5,30,18,5740,5740
0.4,5,30,19,4922,4922
0.4,5,30,20,5251,5251
0.4,5,30,21,5169,5169
0.4,5,30,22,4982,4916
0.4,5,30,23,5262,5262
0.4,5,30,24,5708,5708
0.4,5,30,25,4924,4924
0.4,5,30,27,5008,4863
0.4,5,30,26,5341,5341
0.4,5,30,28,5670,5670
0.4,5,30,29,5287,5287
0.3,50,30,26,111959,110400
0.3,50,30,28,115935,114920
0.3,50,30,27,114418,113077
0.3,50,30,24,114363,113776
0.3,50,30,29,110179,108723
0.4,100,5,2,125633,125539
0.4,100,5,0,117787,117753
0.4,100,5,3,130062,130062
0.4,100,5,4,134080,134080
0.4,100,5,6,117933,117930
0.4,100,5,1,119317,119301
0.4,100,5,5,132231,132231
0.4,100,5,10,140266,140266
0.4,100,5,8,128690,128690
0.4,100,5,7,129498,129498
0.4,100,5,9,126710,126710
0.4,100,5,11,124143,124143
0.4,100,5,12,128742,128742
0.4,100,5,13,131341,131335
0.4,100,5,14,139379,139379
0.4,100,5,15,138508,138508
0.4,100,5,18,124190,124190
0.4,100,5,19,139146,139146
0.4,100,5,17,135830,135794
0.4,100,5,16,136364,136298
0.4,100,5,21,118018,118018
0.4,100,5,20,129150,129150
0.4,100,5,22,128346,128346
0.4,100,5,23,123699,123699
0.4,100,5,25,124656,124624
0.4,100,5,24,126887,126887
0.4,100,5,26,126826,126806
0.4,100,5,27,130673,130673
0.4,100,5,28,128108,128108
0.4,100,5,29,127413,127369
0.4,100,10,1,159719,159595
0.4,100,10,2,175876,175649
0.4,100,10,3,166616,166240
0.4,100,10,4,169543,169322
0.4,100,10,7,167879,167759
0.4,100,10,6,160246,160064
0.4,100,10,5,164834,164801
0.4,100,10,0,168720,168360
0.4,100,10,8,165311,165146
0.4,100,10,12,160783,160284
0.4,100,10,14,169152,167972
0.4,100,10,10,171519,171250
0.4,100,10,9,174735,174576
0.4,100,10,11,165365,165101
0.4,100,10,16,171139,170733
0.4,100,10,13,170986,170590
0.4,100,10,15,163962,163730
0.4,100,10,17,160577,160278
0.4,100,10,19,164938,164376
0.4,100,10,20,159654,159369
0.4,100,10,23,161068,159954
0.4,100,10,22,167779,167779
0.4,100,10,18,173335,173251
0.4,100,10,24,164781,164669
0.4,100,10,26,162970,162892
0.4,100,10,21,169829,169210
0.4,100,10,27,176430,176291
0.4,100,10,28,165475,165413
0.4,100,10,25,171798,171609
0.4,100,10,29,174043,173913
0.4,100,20,0,236466,233778
0.4,100,20,1,232455,231780
0.4,100,20,4,240340,239036
0.4,100,20,6,232098,230584
0.4,100,20,7,229731,228055
0.4,100,20,5,227331,225727
0.4,100,20,2,240118,238372
0.4,100,20,8,238686,237767
0.4,100,20,11,224380,222787
0.4,100,20,3,237879,236878
0.4,100,20,12,234518,231948
0.4,100,20,13,233078,231918
0.4,100,20,14,233167,231183
0.4,100,20,10,215843,214358
0.4,100,20,9,237255,234876
0.4,100,20,15,229983,227994
0.4,100,20,16,242726,241593
0.4,100,20,17,234121,232078
0.4,100,20,20,245200,243832
0.4,100,20,18,230768,229088
0.4,100,20,23,232044,230209
0.4,100,20,21,228397,227523
0.4,100,20,19,226002,224585
0.4,100,20,25,228360,226064
0.4,100,20,26,231874,230485
0.4,100,20,27,225992,224961
0.4,100,20,28,229336,228298
0.4,100,20,29,241034,239548
0.4,100,20,24,232089,231119
0.4,100,20,22,226008,224865
0.4,100,30,0,293427,290226
0.4,100,30,1,293804,290563
0.4,100,30,3,279073,276756
0.4,100,30,5,300317,294900
0.4,100,30,6,298021,291304
0.4,100,30,2,290570,287062
0.4,100,30,4,295227,291689
0.4,100,30,8,280305,276312
0.4,100,30,13,296420,293206
0.4,100,30,10,300693,299121
0.4,100,30,14,297285,293013
0.4,100,30,15,294064,292043
0.4,100,30,7,286745,283619
0.4,100,30,11,288565,285524
0.4,100,30,9,300402,297766
0.4,100,30,18,291280,287384
0.4,100,30,12,298117,294045
0.4,100,30,16,293589,291460
0.4,100,30,20,297097,293312
0.4,100,30,21,291102,289737
0.4,100,30,19,292734,291006
0.4,100,30,17,296051,293293
0.4,100,30,26,305383,300433
0.4,10,5,0,2267,2267
0.4,10,5,1,2251,2251
0.4,10,5,2,2548,2548
0.4,10,5,3,2479,2479
0.4,10,5,4,2567,2567
0.4,10,5,5,2431,2431
0.4,10,5,6,2459,2459
0.4,10,5,7,3118,3118
0.4,10,5,8,2460,2460
0.4,10,5,9,2709,2709
0.4,10,5,10,2452,2452
0.4,10,5,11,2295,2295
0.4,10,5,12,2389,2389
0.4,10,5,13,3106,3106
0.4,10,5,14,2916,2916
0.4,10,5,15,2497,2497
0.4,10,5,16,2412,2412
0.4,10,5,17,2293,2293
0.4,10,5,18,2425,2425
0.4,10,5,19,2986,2986
0.4,10,5,20,2449,2449
0.4,10,5,21,2742,2742
0.4,10,5,22,2614,2614
0.4,10,5,23,1855,1855
0.4,10,5,24,2251,2251
0.4,10,5,25,2075,2058
0.4,100,30,22,300777,297551
0.4,10,5,26,2924,2924
0.4,10,5,27,2311,2311
0.4,10,5,28,2663,2663
0.4,10,5,29,2250,2250
0.4,10,10,0,5047,5047
0.4,10,10,1,4875,4875
0.4,10,10,2,4063,4063
0.4,10,10,3,4862,4862
0.4,10,10,4,4116,4038
0.4,10,10,5,3982,3936
0.4,10,10,6,4011,4011
0.4,10,10,7,4993,4993
0.4,10,10,8,4447,4447
0.4,10,10,9,5096,5096
0.4,10,10,10,5132,4883
0.4,10,10,11,4413,4385
0.4,100,30,23,294095,291342
0.4,10,10,12,4006,3869
0.4,10,10,14,4829,4806
0.4,10,10,15,4250,4203
0.4,10,10,13,4045,4045
0.4,10,10,16,4487,4246
0.4,10,10,17,4641,4641
0.4,10,10,18,4593,4593
0.4,10,10,19,4442,4442
0.4,10,10,20,4569,4471
0.4,10,10,21,4964,4952
0.4,10,10,23,4657,4657
0.4,10,10,22,4255,4203
0.4,10,10,24,4118,4101
0.4,10,10,26,4722,4722
0.4,10,10,25,4620,4620
0.4,10,10,27,4169,4169
0.4,10,10,28,3970,3970
0.4,10,10,29,4457,4457
0.4,10,20,0,7684,7651
0.4,10,20,2,9163,9094
0.4,10,20,1,8587,8171
0.4,10,20,3,8825,8765
0.4,10,20,4,8348,8217
0.4,10,20,5,8645,8305
0.4,10,20,6,7760,7727
0.4,10,20,7,8261,8261
0.4,10,20,8,8131,8131
0.4,10,20,9,8030,8030
0.4,10,20,10,7943,7915
0.4,10,20,11,8536,8157
0.4,10,20,12,8538,8466
0.4,10,20,13,8200,8007
0.4,10,20,14,8264,8102
0.4,100,30,24,300395,297731
0.4,10,20,15,8202,8149
0.4,10,20,16,8524,8449
0.4,10,20,17,8481,8481
0.4,10,20,18,8110,7942
0.4,10,20,19,8733,8733
0.4,10,20,21,7206,7205
0.4,10,20,20,8324,8324
0.4,10,20,22,8560,8425
0.4,10,20,23,8322,8068
0.4,10,20,24,7182,7182
0.4,10,20,25,8644,8635
0.4,10,20,26,8549,8321
0.4,10,20,27,7265,7255
0.4,10,20,28,8446,8446
0.4,10,20,29,9049,9001
0.4,10,30,0,11270,11270
0.4,10,30,1,11633,11512
0.4,10,30,2,11678,11442
0.4,10,30,3,11557,11164
0.4,10,30,4,11918,11918
0.4,10,30,5,12769,12585
0.4,10,30,6,11041,11024
0.4,10,30,7,11894,11780
0.4,10,30,8,11184,11184
0.4,10,30,9,11791,11791
0.4,10,30,10,11462,11435
0.4,10,30,11,12364,12097
0.4,10,30,13,11983,11896
0.4,10,30,12,11350,11306
0.4,10,30,14,11011,10746
0.4,10,30,15,12189,12144
0.4,10,30,16,12492,11991
0.4,10,30,17,11655,11463
0.4,10,30,18,11037,10757
0.4,10,30,19,11813,11770
0.4,10,30,20,11207,10999
0.4,10,30,21,11120,10876
0.4,10,30,22,11374,11170
0.4,10,30,23,11929,11853
0.4,10,30,24,11462,11285
0.4,10,30,25,13050,12731
0.4,10,30,26,12127,12127
0.4,10,30,28,11286,11286
0.4,10,30,29,11445,11312
0.4,10,30,27,11749,11723
0.4,20,5,0,7722,7722
0.4,20,5,3,5815,5815
0.4,20,5,1,7169,7169
0.4,20,5,2,8209,8209
0.4,20,5,4,8464,8464
0.4,20,5,5,7960,7960
0.4,20,5,6,7477,7477
0.4,20,5,7,6716,6716
0.4,20,5,8,7420,7420
0.4,20,5,9,7719,7719
0.4,20,5,10,7890,7890
0.4,20,5,11,7730,7730
0.4,20,5,12,7074,7059
0.4,20,5,13,6688,6688
0.4,20,5,14,7088,7088
0.4,20,5,15,6905,6905
0.4,20,5,16,7571,7555
0.4,20,5,19,5603,5603
0.4,20,5,17,7464,7464
0.4,20,5,18,7136,7136
0.4,20,5,20,6766,6766
0.4,20,5,21,6506,6453
0.4,20,5,22,7254,7254
0.4,20,5,23,7280,7280
0.4,20,5,24,7905,7905
0.4,20,5,26,7564,7564
0.4,20,5,25,7073,7073
0.4,20,5,27,7330,7330
0.4,20,5,28,6991,6991
0.4,20,5,29,7080,7080
0.4,20,10,1,12767,12632
0.4,20,10,0,11449,11435
0.4,20,10,2,11737,11669
0.4,20,10,3,13662,13574
0.4,20,10,4,11557,11548
0.4,20,10,5,11740,11740
0.4,20,10,6,12512,12406
0.4,20,10,7,11529,11468
0.4,100,30,27,291828,289089
0.4,20,10,8,10630,10630
0.4,20,10,9,11611,11611
0.4,20,10,10,10666,10666
0.4,20,10,11,11937,11937
0.4,20,10,12,13236,13169
0.4,20,10,13,12188,12188
0.4,20,10,14,11505,11500
0.4,20,10,15,11431,11402
0.4,20,10,16,12381,12361
0.4,20,10,17,12185,12036
0.4,20,10,18,12004,11862
0.4,20,10,19,11919,11833
0.4,20,10,20,12086,12086
0.4,20,10,21,12153,12153
0.4,20,10,23,11822,11822
0.4,20,10,22,11224,11188
0.4,20,10,24,11981,11893
0.4,20,10,25,10413,10413
0.4,20,10,26,11722,11661
0.4,20,10,27,11006,10971
0.4,20,10,28,10513,10264
0.4,20,10,29,11219,11219
0.4,20,20,0,19916,19786
0.4,20,20,3,18344,17912
0.4,20,20,2,19608,19460
0.4,20,20,1,20555,20215
0.4,20,20,4,18524,18386
0.4,20,20,5,20746,20185
0.4,20,20,8,18696,18646
0.4,20,20,7,20229,20041
0.4,20,20,6,21729,21245
0.4,20,20,9,19145,18769
0.4,20,20,10,20414,20184
0.4,20,20,11,20737,20618
0.4,20,20,14,20978,20845
0.4,20,20,13,19937,19755
0.4,20,20,12,19516,19435
0.4,20,20,15,20165,20122
0.4,20,20,17,20135,19877
0.4,20,20,16,20555,20246
0.4,20,20,18,20063,19760
0.4,20,20,19,20056,19939
0.4,20,20,20,19305,19226
0.4,20,20,21,20873,20873
0.4,20,20,24,20026,19569
0.4,20,20,23,19793,19183
0.4,20,20,22,19584,19434
0.4,20,20,26,19743,19442
0.4,20,20,25,20543,20543
0.4,20,20,29,19784,19505
0.4,20,20,28,20447,20430
0.4,20,20,27,19851,19666
0.4,20,30,0,27814,27181
0.4,20,30,4,28928,28833
0.4,20,30,1,27632,27390
0.4,20,30,2,28378,28164
0.4,20,30,3,29813,29736
0.4,20,30,7,27256,27064
0.4,20,30,5,28332,28068
0.4,20,30,8,28767,28371
0.4,20,30,9,28769,28585
0.4,20,30,6,28194,27771
0.4,20,30,10,28178,27703
0.4,20,30,12,29452,29177
0.4,20,30,11,28719,28316
0.4,20,30,13,30008,29285
0.4,20,30,14,28360,27713
0.4,20,30,16,28515,28286
0.4,20,30,17,26343,26343
0.4,20,30,15,30331,30231
0.4,20,30,18,28393,27822
0.4,20,30,19,27925,27568
0.4,20,30,20,27913,27693
0.4,20,30,21,28401,28068
0.4,20,30,23,26923,26769
0.4,20,30,22,29684,29023
0.4,20,30,24,26890,26792
0.4,20,30,25,27744,27599
0.4,20,30,26,27740,27202
0.4,20,30,27,29473,28460
0.4,20,30,28,28126,27421
0.4,30,5,0,17223,17223
0.4,30,5,1,13216,13214
0.4,30,5,2,13141,13141
0.4,30,5,3,13044,13044
0.4,20,30,29,28274,28214
0.4,30,5,4,12307,12307
0.4,30,5,5,13265,13265
0.4,30,5,6,12636,12636
0.4,30,5,7,13384,13384
0.4,30,5,9,15696,15696
0.4,30,5,8,14490,14481
0.4,30,5,10,14623,14623
0.4,30,5,11,14266,14266
0.4,30,5,12,13516,13516
0.4,30,5,14,17543,17543
0.4,30,5,13,15311,15311
0.4,30,5,15,13036,13036
0.4,30,5,16,13149,13149
0.4,30,5,17,14636,14636
0.4,30,5,18,15039,15039
0.4,30,5,19,11211,11211
0.4,30,5,20,17302,17302
0.4,30,5,21,15885,15885
0.4,30,5,22,13795,13795
0.4,30,5,23,13725,13725
0.4,30,5,25,16582,16582
0.4,30,5,24,16101,16101
0.4,30,5,26,12724,12724
0.4,30,5,27,15335,15335
0.4,30,5,28,14389,14389
0.4,30,5,29,15102,15102
0.4,30,10,0,19868,19841
0.4,30,10,1,21482,21482
0.4,30,10,3,21280,21211
0.4,30,10,4,20477,20204
0.4,30,10,2,20029,19986
0.4,30,10,5,21683,21599
0.4,30,10,6,22265,22226
0.4,30,10,8,21228,21228
0.4,30,10,7,19477,19477
0.4,30,10,9,22998,22998
0.4,30,10,10,22208,22046
0.4,30,10,11,21745,21745
0.4,30,10,12,21936,21891
0.4,30,10,13,23386,23369
0.4,30,10,14,21747,21464
0.4,30,10,16,21856,21847
0.4,30,10,15,22155,22096
0.4,30,10,17,21455,21328
0.4,30,10,19,21655,21608
0.4,30,10,18,20597,20405
0.4,30,10,20,23865,23756
0.4,30,10,21,21732,21681
0.4,30,10,22,20728,20728
0.4,30,10,23,21294,21255
0.4,30,10,24,20093,20093
0.4,30,10,26,21340,21322
0.4,30,10,25,22402,22389
0.4,30,10,27,22485,22485
0.4,30,10,28,20694,20692
0.4,30,10,29,21512,21512
0.4,30,20,0,34003,33851
0.4,30,20,2,35016,34469
0.4,30,20,4,32963,32416
0.4,30,20,1,35197,34957
0.4,30,20,3,35731,35625
0.4,30,20,5,35969,35932
0.4,30,20,8,34522,33600
0.4,30,20,9,37366,37366
0.4,30,20,7,33560,33463
0.4,30,20,6,34200,33703
0.4,30,20,11,34391,34049
0.4,30,20,10,36419,36265
0.4,30,20,13,33916,33916
0.4,30,20,12,35425,35366
0.4,30,20,14,33235,32792
0.4,30,20,15,34769,34603
0.4,100,30,29,302579,300357
0.4,30,20,19,33493,33343
0.4,30,20,18,35075,34936
0.4,30,20,17,34912,34688
0.4,30,20,16,34804,34748
0.4,30,20,20,34370,33751
0.4,30,20,21,35881,35715
0.4,30,20,23,35432,34989
0.4,30,20,25,34833,34348
0.4,30,20,24,35688,35267
0.4,30,20,22,35854,35615
0.4,30,20,26,32979,32932
0.4,30,20,27,35879,35757
0.4,30,20,28,36811,36730
0.4,30,20,29,34730,34672
0.4,30,30,2,48119,47423
0.4,30,30,3,47465,46512
0.4,30,30,0,48584,47557
0.4,30,30,4,46645,46567
0.4,30,30,1,46150,45587
0.4,30,30,5,46482,46227
0.4,30,30,6,49050,48549
0.4,30,30,9,49136,48022
0.4,30,30,7,47510,47184
0.4,30,30,8,46911,46312
0.4,30,30,10,46050,45505
0.4,30,30,12,46242,45660
0.4,30,30,11,47197,46631
0.4,30,30,13,48464,47850
0.4,30,30,15,48664,48630
0.4,30,30,14,47704,47340
0.4,30,30,16,45004,44650
0.4,30,30,17,46117,45512
0.4,30,30,18,48067,46899
0.4,30,30,19,49170,48280
0.4,30,30,20,50293,50043
0.4,30,30,21,49148,48943
0.4,30,30,22,46708,46044
0.4,30,30,24,46904,46731
0.4,30,30,23,50370,50193
0.4,30,30,26,50439,49520
0.4,30,30,27,48462,48300
0.4,30,30,25,48716,47811
0.4,50,5,0,36123,36123
0.4,100,30,28,284187,282505
0.4,30,30,28,48515,48242
0.4,50,5,1,34763,34763
0.4,30,30,29,47188,47044
0.4,50,5,2,32092,32092
0.4,50,5,3,31313,31313
0.4,50,5,4,36774,36774
0.4,50,5,7,35439,35439
0.4,50,5,5,38356,38356
0.4,50,5,9,38147,38147
0.4,50,5,8,36895,36895
0.4,50,5,6,32259,32259
0.4,50,5,10,32952,32952
0.4,50,5,11,32633,32633
0.4,50,5,12,35860,35860
0.4,50,5,13,38197,38197
0.4,50,5,16,36950,36950
0.4,50,5,14,34693,34693
0.4,50,5,15,35492,35492
0.4,50,5,17,33558,33558
0.4,50,5,18,32890,32859
0.4,50,5,19,32111,32111
0.4,50,5,21,35277,35277
0.4,50,5,20,36573,36573
0.4,50,5,23,34221,34221
0.4,50,5,22,35916,35897
0.4,50,5,24,34714,34714
0.4,50,5,25,37504,37503
0.4,50,5,26,33969,33969
0.4,50,5,27,39695,39695
0.4,50,5,28,35642,35642
0.4,50,5,29,35511,35511
0.4,50,10,1,50531,50516
0.4,50,10,0,49307,49307
0.4,50,10,5,48830,48830
0.4,50,10,6,49667,49481
0.4,50,10,2,51625,51400
0.4,50,10,3,50517,50460
0.4,50,10,4,47041,46880
0.4,50,10,8,48737,48584
0.4,50,10,7,48156,48141
0.4,50,10,9,49392,49180
0.4,50,10,11,48354,48083
0.4,50,10,10,50403,50302
0.4,50,10,13,46660,46546
0.4,50,10,12,48821,48772
0.4,50,10,14,55357,55051
0.4,50,10,17,47574,47558
0.4,50,10,18,47131,46851
0.4,50,10,19,50297,50048
0.4,50,10,15,49106,49004
0.4,50,10,16,50989,50956
0.4,50,10,20,48088,47973
0.4,50,10,24,47021,46977
0.4,50,10,21,49296,49295
0.4,100,30,25,298542,295312
0.4,50,10,22,49444,49444
0.4,50,10,25,46473,46404
0.4,50,10,23,49819,49725
0.4,50,10,26,53921,53716
0.4,50,10,27,48589,48308
0.4,50,10,29,47020,46994
0.4,50,10,28,48326,48299
0.4,50,20,1,75982,75035
0.4,50,20,3,75641,75105
0.4,50,20,5,75198,74266
0.4,50,20,2,73561,73451
0.4,50,20,4,77071,76473
0.4,50,20,0,69992,69799
0.4,50,20,7,74635,74228
0.4,50,20,6,75435,74725
0.4,50,20,8,74769,74463
0.4,50,20,9,78630,78016
0.4,50,20,10,73646,72959
0.4,50,20,11,71517,71318
0.4,50,20,13,77934,77171
0.4,50,20,16,76544,76207
0.4,50,20,12,79218,78056
0.4,50,20,15,73616,73342
0.4,50,20,14,72346,71799
0.4,50,20,19,76284,75841
0.4,50,20,17,72116,71181
0.4,50,20,20,73480,73419
0.4,50,20,18,71962,71566
0.4,50,20,23,72450,71459
0.4,50,20,24,75383,74586
0.4,50,20,21,73902,73354
0.4,50,20,22,73647,72995
0.4,50,20,26,77484,77100
0.4,50,20,27,71429,70939
0.4,50,20,25,74213,73912
0.4,50,20,28,75499,74971
0.4,50,20,29,74597,74071
0.4,50,30,0,97845,96849
0.4,50,30,1,98658,97890
0.4,50,30,3,101797,100775
0.4,50,30,4,99264,96910
0.4,50,30,7,96297,94954
0.4,50,30,2,100572,99816
0.4,50,30,6,98192,96637
0.4,50,30,5,99737,98095
0.4,50,30,8,97455,96613
0.4,50,30,10,99350,98459
0.4,50,30,9,102164,100739
0.4,50,30,11,96467,94917
0.4,50,30,15,99418,98177
0.4,50,30,16,100093,99372
0.4,50,30,12,98611,97027
0.4,50,30,14,101049,99448
0.4,50,30,17,101321,99809
0.4,50,30,18,101705,100084
0.4,50,30,13,99281,98478
0.4,50,30,19,96162,94827
0.4,50,30,23,96069,95361
0.4,50,30,21,96702,94881
0.4,50,30,25,100040,98488
0.4,50,30,22,99020,98409
0.4,50,30,24,101759,100383
0.4,50,30,27,102651,101715
0.4,50,30,20,98095,96816
0.4,50,30,26,99048,98600
0.4,50,30,29,101857,100274
0.4,50,30,28,103074,101937
