d,n,m,i,saf.ft
0.2,5,5,0,1191
0.2,5,5,1,1322
0.2,5,5,2,1321
0.2,5,5,3,1533
0.2,5,5,4,1432
0.2,5,5,5,1589
0.2,5,5,6,1572
0.2,5,5,7,1503
0.2,5,5,10,1267
0.2,5,5,9,997
0.2,5,5,11,1288
0.2,5,5,12,1704
0.2,5,5,8,1259
0.2,5,5,13,1344
0.2,5,5,14,1700
0.2,5,5,15,1248
0.2,5,5,16,1618
0.2,5,5,17,1165
0.2,5,5,18,1284
0.2,5,5,19,1300
0.2,5,5,20,1447
0.2,5,5,21,1300
0.2,5,5,22,1217
0.2,5,5,23,1580
0.2,5,5,24,1289
0.2,5,5,25,1219
0.2,5,5,26,1402
0.2,5,5,27,1141
0.2,5,5,28,1592
0.2,5,5,29,1202
0.2,5,10,0,2276
0.2,5,10,2,2591
0.2,5,10,1,2595
0.2,5,10,3,2436
0.2,5,10,4,2413
0.2,5,10,5,2535
0.2,5,10,6,3105
0.2,5,10,7,2122
0.2,5,10,8,2090
0.2,5,10,9,2281
0.2,5,10,16,2536
0.2,5,10,10,2907
0.2,5,10,12,2589
0.2,5,10,11,2723
0.2,5,10,17,2678
0.2,5,10,18,2594
0.2,5,10,13,2568
0.2,5,10,14,2545
0.2,5,10,19,2305
0.2,5,10,20,2324
0.2,5,10,21,2211
0.2,5,10,15,2679
0.2,5,10,22,2732
0.2,5,10,23,1966
0.2,5,10,24,2438
0.2,5,10,26,2138
0.2,5,10,27,2845
0.2,5,10,25,2877
0.2,5,10,28,2239
0.2,5,10,29,2636
0.2,5,20,0,5140
0.2,5,20,2,4636
0.2,5,20,5,4712
0.2,5,20,10,4038
0.2,5,20,11,5070
0.2,5,20,13,4631
0.2,5,20,12,4521
0.2,5,20,14,4711
0.2,5,20,1,4747
0.2,5,20,3,4548
0.2,5,20,4,4761
0.2,5,20,6,4819
0.2,5,20,15,4804
0.2,5,20,7,4337
0.2,5,20,8,4733
0.2,5,20,9,4772
0.2,5,20,16,4620
0.2,5,20,17,4366
0.2,5,20,18,4552
0.2,5,20,19,4591
0.2,5,20,21,4653
0.2,5,20,22,4374
0.2,5,20,23,4621
0.2,5,20,20,4136
0.2,5,20,27,4951
0.2,5,20,24,4729
0.2,5,20,25,4973
0.2,5,20,26,4833
0.2,5,20,28,4885
0.2,5,20,29,4855
0.2,5,30,2,6855
0.2,5,30,4,5986
0.2,5,30,7,6793
0.2,5,30,8,6758
0.2,5,30,3,6884
0.2,5,30,9,6222
0.2,5,30,0,6565
0.2,5,30,6,6567
0.2,5,30,1,6376
0.2,5,30,10,6579
0.2,5,30,5,6059
0.2,5,30,16,6924
0.2,5,30,17,6477
0.2,5,30,11,6546
0.2,5,30,18,6824
0.2,5,30,13,7214
0.2,5,30,12,7202
0.2,5,30,14,7340
0.2,5,30,19,6866
0.2,5,30,15,6549
0.2,5,30,20,6995
0.2,5,30,21,7333
0.2,5,30,23,6431
0.2,5,30,25,6930
0.2,5,30,22,6999
0.2,5,30,24,6221
0.2,5,30,28,7025
0.2,5,30,26,6691
0.2,5,30,29,5871
0.2,5,30,27,7173
0.2,100,5,6,198234
0.2,100,5,3,192274
0.2,100,5,9,188723
0.2,100,5,10,182392
0.2,100,5,8,191219
0.2,100,5,12,181544
0.2,100,5,13,197448
0.2,100,5,15,190048
0.2,100,5,7,194280
0.2,100,5,4,191385
0.2,100,5,5,202433
0.2,100,5,1,196538
0.2,100,5,0,189815
0.2,100,5,2,195783
0.2,100,5,14,189335
0.2,100,5,11,187209
0.2,100,5,17,177895
0.2,100,5,19,191776
0.2,100,5,21,198090
0.2,100,5,16,189292
0.2,100,5,20,182920
0.2,100,5,22,200558
0.2,100,5,23,177850
0.2,100,5,18,191199
0.2,100,5,24,209909
0.2,100,5,25,187291
0.2,100,5,28,189357
0.2,100,5,27,185826
0.2,100,5,26,185706
0.2,100,5,29,190385
0.2,100,10,2,245554
0.2,100,10,3,249438
0.2,100,10,4,244447
0.2,100,10,7,259497
0.2,100,10,6,248821
0.2,100,10,8,244969
0.2,100,10,5,252532
0.2,100,10,10,248974
0.2,100,10,14,251108
0.2,100,10,0,247351
0.2,100,10,1,241225
0.2,100,10,9,247725
0.2,100,10,16,249366
0.2,100,10,18,243496
0.2,100,10,17,262279
0.2,100,10,21,232123
0.2,100,10,22,242299
0.2,100,10,12,248638
0.2,100,10,20,242932
0.2,100,10,15,246638
0.2,100,10,11,251220
0.2,100,10,23,251606
0.2,100,10,13,242872
0.2,100,10,19,256116
0.2,100,10,24,243052
0.2,100,10,28,252581
0.2,100,10,29,246982
0.2,100,10,25,233345
0.2,100,10,26,253829
0.2,100,10,27,252619
0.2,100,20,2,346989
0.2,100,20,1,343972
0.2,100,20,4,323192
0.2,100,20,7,344703
0.2,100,20,12,326032
0.2,100,20,9,333460
0.2,100,20,11,333918
0.2,100,20,0,338283
0.2,100,20,10,328696
0.2,100,20,3,341964
0.2,100,20,6,324642
0.2,100,20,5,334275
0.2,100,20,17,333124
0.2,100,20,18,337509
0.2,100,20,8,333246
0.2,100,20,16,332218
0.2,100,20,21,335062
0.2,100,20,22,323939
0.2,100,20,20,335366
0.2,100,20,19,325907
0.2,100,20,23,325183
0.2,100,20,13,337374
0.2,100,20,14,331984
0.2,100,20,15,330139
0.2,100,20,24,345618
0.2,100,20,29,347650
0.2,100,20,28,341547
0.2,100,20,25,323324
0.2,100,20,27,338376
0.2,100,30,5,422340
0.2,100,30,2,403051
0.2,100,30,4,412769
0.2,100,30,6,408624
0.2,100,20,26,337532
0.2,100,30,3,415342
0.2,100,30,1,406989
0.2,100,30,11,415949
0.2,100,30,12,404966
0.2,100,30,10,400478
0.2,100,30,13,407970
0.2,100,30,0,400803
0.2,100,30,16,412450
0.2,100,30,9,402600
0.2,100,30,15,418637
0.2,100,30,7,410009
0.2,10,5,0,3189
0.2,10,5,1,3854
0.2,10,5,2,4110
0.2,10,5,3,4601
0.2,10,5,4,3212
0.2,10,5,5,3447
0.2,10,5,6,2893
0.2,10,5,7,3814
0.2,10,5,8,3913
0.2,10,5,9,3530
0.2,10,5,10,3377
0.2,10,5,11,3343
0.2,10,5,12,3556
0.2,10,5,13,3876
0.2,10,5,14,3211
0.2,10,5,15,4078
0.2,10,5,16,4044
0.2,10,5,17,3451
0.2,10,5,18,4416
0.2,10,5,19,4180
0.2,10,5,20,3947
0.2,10,5,21,3376
0.2,10,5,22,3932
0.2,10,5,23,3237
0.2,10,5,24,3933
0.2,10,5,25,3375
0.2,10,5,26,3642
0.2,10,5,27,4227
0.2,10,5,28,2813
0.2,10,5,29,3444
0.2,10,10,0,6925
0.2,10,10,1,5897
0.2,10,10,2,6371
0.2,100,30,8,396702
0.2,10,10,3,6188
0.2,10,10,4,5937
0.2,10,10,5,6076
0.2,10,10,6,6839
0.2,10,10,7,6148
0.2,100,30,18,411491
0.2,10,10,8,7901
0.2,10,10,9,6238
0.2,10,10,10,6084
0.2,10,10,11,6989
0.2,10,10,13,6899
0.2,10,10,12,6346
0.2,10,10,15,6677
0.2,10,10,14,5607
0.2,10,10,16,6793
0.2,10,10,17,6604
0.2,10,10,18,6108
0.2,10,10,19,5772
0.2,10,10,20,6410
0.2,10,10,21,6423
0.2,10,10,22,6817
0.2,10,10,23,5553
0.2,10,10,24,6281
0.2,10,10,25,6206
0.2,10,10,26,6538
0.2,10,10,27,5651
0.2,10,10,28,6053
0.2,10,10,29,5393
0.2,10,20,0,10877
0.2,10,20,1,11086
0.2,10,20,2,9998
0.2,10,20,4,12480
0.2,10,20,3,10592
0.2,10,20,5,11035
0.2,10,20,6,11550
0.2,10,20,7,10980
0.2,10,20,8,10601
0.2,10,20,9,10414
0.2,10,20,10,10737
0.2,10,20,11,11011
0.2,10,20,12,11754
0.2,10,20,13,11260
0.2,10,20,14,10932
0.2,10,20,15,10969
0.2,10,20,16,10457
0.2,10,20,17,10004
0.2,10,20,18,11626
0.2,10,20,19,10178
0.2,10,20,20,11164
0.2,10,20,21,10687
0.2,10,20,22,9959
0.2,10,20,23,11576
0.2,100,30,20,412880
0.2,10,20,24,11380
0.2,10,20,26,11308
0.2,10,20,27,10599
0.2,10,20,25,11347
0.2,10,20,29,10486
0.2,10,20,28,11546
0.2,10,30,0,14323
0.2,10,30,1,15104
0.2,10,30,4,13720
0.2,10,30,2,15174
0.2,10,30,3,14698
0.2,100,30,17,417744
0.2,10,30,7,14835
0.2,10,30,6,15466
0.2,10,30,5,15572
0.2,10,30,8,16200
0.2,10,30,10,16591
0.2,10,30,11,16522
0.2,10,30,9,16533
0.2,10,30,14,16098
0.2,10,30,12,14901
0.2,10,30,15,15358
0.2,10,30,13,14379
0.2,10,30,16,14268
0.2,10,30,17,14738
0.2,100,30,22,395855
0.2,10,30,21,15543
0.2,10,30,18,14630
0.2,10,30,22,14409
0.2,10,30,19,15743
0.2,10,30,20,14538
0.2,10,30,23,15671
0.2,10,30,24,14317
0.2,10,30,26,15213
0.2,20,5,0,10590
0.2,20,5,1,11425
0.2,20,5,3,10362
0.2,20,5,2,10476
0.2,10,30,27,16342
0.2,20,5,4,11099
0.2,20,5,6,10313
0.2,20,5,5,10521
0.2,20,5,7,11312
0.2,20,5,8,10979
0.2,10,30,29,15418
0.2,20,5,10,10228
0.2,20,5,11,11290
0.2,10,30,25,15344
0.2,20,5,9,12352
0.2,20,5,12,10826
0.2,20,5,13,10955
0.2,20,5,16,9364
0.2,20,5,17,9893
0.2,20,5,14,9710
0.2,20,5,15,11953
0.2,20,5,18,10808
0.2,20,5,19,10759
0.2,10,30,28,16374
0.2,20,5,21,11236
0.2,20,5,20,10123
0.2,20,5,23,12126
0.2,20,5,22,10733
0.2,20,5,24,12048
0.2,20,5,26,9343
0.2,20,5,25,9220
0.2,20,5,27,10461
0.2,20,5,28,10099
0.2,20,5,29,10908
0.2,20,10,0,16374
0.2,20,10,1,16003
0.2,20,10,3,15925
0.2,20,10,4,16141
0.2,20,10,2,16623
0.2,20,10,6,17220
0.2,20,10,5,16186
0.2,20,10,8,18542
0.2,20,10,7,16670
0.2,20,10,9,17096
0.2,20,10,11,15709
0.2,20,10,13,17498
0.2,20,10,10,20318
0.2,20,10,15,17546
0.2,20,10,12,16649
0.2,20,10,14,16870
0.2,20,10,16,16844
0.2,20,10,17,18120
0.2,20,10,19,18488
0.2,20,10,21,16600
0.2,20,10,18,16984
0.2,20,10,20,16151
0.2,20,10,23,17451
0.2,20,10,22,15761
0.2,20,10,24,18065
0.2,20,10,25,16634
0.2,20,10,28,17920
0.2,20,10,26,16054
0.2,20,10,29,16129
0.2,20,10,27,16499
0.2,20,20,1,27622
0.2,20,20,2,27681
0.2,20,20,4,26124
0.2,20,20,0,27668
0.2,20,20,3,27956
0.2,100,30,23,403711
0.2,20,20,7,26539
0.2,20,20,5,27042
0.2,20,20,8,29669
0.2,20,20,9,26603
0.2,20,20,6,28495
0.2,20,20,11,26378
0.2,20,20,14,26626
0.2,20,20,12,26767
0.2,20,20,16,28997
0.2,20,20,10,26738
0.2,20,20,15,27392
0.2,20,20,13,28937
0.2,20,20,17,28044
0.2,20,20,18,27116
0.2,20,20,19,28222
0.2,20,20,22,26276
0.2,20,20,24,28363
0.2,20,20,25,27674
0.2,20,20,20,28445
0.2,20,20,21,26697
0.2,20,20,26,25757
0.2,20,20,23,28065
0.2,20,20,28,27536
0.2,20,20,29,27318
0.2,20,20,27,27468
0.2,20,30,0,37460
0.2,20,30,2,36815
0.2,20,30,4,36174
0.2,20,30,5,37060
0.2,20,30,6,38376
0.2,20,30,1,38308
0.2,20,30,3,37076
0.2,20,30,8,35650
0.2,100,30,24,400221
0.2,20,30,9,36953
0.2,20,30,10,34832
0.2,20,30,7,35642
0.2,20,30,11,36414
0.2,20,30,14,37652
0.2,20,30,15,38597
0.2,20,30,16,39670
0.2,20,30,17,36005
0.2,20,30,12,34327
0.2,20,30,18,38878
0.2,20,30,19,37808
0.2,20,30,13,36605
0.2,20,30,20,36838
0.2,20,30,21,36140
0.2,20,30,22,39961
0.2,30,5,0,19029
0.2,30,5,1,23034
0.2,30,5,2,21621
0.2,20,30,26,38281
0.2,20,30,23,36576
0.2,20,30,25,38388
0.2,30,5,3,21173
0.2,30,5,4,17276
0.2,30,5,5,24481
0.2,30,5,6,22459
0.2,30,5,7,21760
0.2,30,5,8,21040
0.2,30,5,9,22123
0.2,20,30,27,37069
0.2,30,5,10,21469
0.2,30,5,11,22207
0.2,30,5,12,21246
0.2,30,5,13,19976
0.2,30,5,14,19880
0.2,30,5,15,21099
0.2,30,5,16,20937
0.2,30,5,18,22624
0.2,30,5,19,22025
0.2,30,5,17,19914
0.2,30,5,20,19964
0.2,30,5,21,19391
0.2,20,30,28,36595
0.2,30,5,22,20597
0.2,30,5,24,20514
0.2,30,5,23,22178
0.2,30,5,25,18745
0.2,30,5,27,19049
0.2,30,5,26,22547
0.2,30,5,28,21635
0.2,30,5,29,19618
0.2,30,10,1,30034
0.2,30,10,3,30845
0.2,30,10,2,29407
0.2,30,10,4,29460
0.2,30,10,0,28968
0.2,20,30,24,36890
0.2,30,10,5,30737
0.2,30,10,6,30460
0.2,20,30,29,36470
0.2,30,10,7,35227
0.2,30,10,9,32083
0.2,30,10,10,32300
0.2,30,10,12,29197
0.2,30,10,8,30919
0.2,30,10,11,34172
0.2,30,10,14,31612
0.2,30,10,15,30741
0.2,30,10,13,30444
0.2,30,10,17,31701
0.2,30,10,18,33829
0.2,30,10,19,29909
0.2,30,10,16,32184
0.2,30,10,21,30298
0.2,30,10,22,36209
0.2,30,10,23,29216
0.2,30,10,24,32609
0.2,30,10,25,31703
0.2,30,10,26,31618
0.2,30,10,20,31870
0.2,100,30,14,417062
0.2,30,10,27,33037
0.2,30,10,28,34077
0.2,30,10,29,29319
0.2,30,20,0,48088
0.2,30,20,1,47632
0.2,30,20,3,47733
0.2,30,20,2,50243
0.2,30,20,7,48908
0.2,30,20,8,51018
0.2,100,30,25,418717
0.2,30,20,5,49574
0.2,30,20,4,50166
0.2,30,20,10,49788
0.2,30,20,9,48356
0.2,30,20,6,50449
0.2,30,20,11,50782
0.2,30,20,12,48236
0.2,30,20,13,51524
0.2,30,20,14,51136
0.2,30,20,15,50743
0.2,30,20,18,47718
0.2,30,20,19,47268
0.2,30,20,21,48221
0.2,30,20,20,49832
0.2,30,20,22,48287
0.2,30,20,24,50285
0.2,30,20,16,49801
0.2,30,20,23,51904
0.2,30,20,17,54748
0.2,30,20,25,51176
0.2,30,20,27,46816
0.2,30,20,29,48682
0.2,30,20,28,47173
0.2,30,20,26,50649
0.2,100,30,29,406436
0.2,30,30,1,62986
0.2,30,30,0,63790
0.2,30,30,3,63774
0.2,30,30,5,66239
0.2,30,30,6,65387
0.2,30,30,7,64064
0.2,30,30,8,65940
0.2,30,30,9,65328
0.2,30,30,4,68391
0.2,30,30,2,66528
0.2,30,30,10,65140
0.2,30,30,11,66994
0.2,30,30,13,66398
0.2,30,30,14,65612
0.2,100,30,19,413434
0.2,30,30,15,65342
0.2,30,30,17,65851
0.2,30,30,12,66876
0.2,30,30,16,65209
0.2,30,30,18,67107
0.2,50,5,0,48869
0.2,50,5,1,47439
0.2,100,30,21,407213
0.2,30,30,21,63626
0.2,30,30,22,65983
0.2,50,5,2,56200
0.2,50,5,4,48265
0.2,50,5,3,47776
0.2,50,5,5,46331
0.2,50,5,7,55869
0.2,30,30,24,64169
0.2,50,5,6,57668
0.2,50,5,9,53398
0.2,50,5,8,59901
0.2,30,30,23,61454
0.2,50,5,10,50491
0.2,50,5,11,50585
0.2,50,5,12,54530
0.2,50,5,13,51307
0.2,50,5,16,61714
0.2,30,30,28,61876
0.2,50,5,17,51034
0.2,50,5,14,56552
0.2,30,30,27,64031
0.2,50,5,18,47536
0.2,50,5,15,55390
0.2,50,5,19,52281
0.2,50,5,20,53501
0.2,50,5,21,52362
0.2,50,5,22,54082
0.2,50,5,24,54232
0.2,50,5,27,52452
0.2,50,5,25,58206
0.2,50,5,26,54274
0.2,50,5,23,53846
0.2,50,5,28,53480
0.2,30,30,26,65696
0.2,50,5,29,57291
0.2,30,30,29,68034
0.2,30,30,20,65299
0.2,100,30,27,413304
0.2,30,30,19,63878
0.2,50,10,1,72898
0.2,50,10,0,70229
0.2,50,10,2,74333
0.2,50,10,7,73563
0.2,50,10,6,74133
0.2,50,10,8,69825
0.2,50,10,3,70903
0.2,50,10,9,73403
0.2,50,10,4,74719
0.2,50,10,5,72496
0.2,30,30,25,67802
0.2,50,10,14,73420
0.2,50,10,13,75989
0.2,50,10,15,72235
0.2,50,10,17,69168
0.2,50,10,16,71744
0.2,50,10,18,71487
0.2,50,10,11,71054
0.2,50,10,10,73935
0.2,50,10,20,72843
0.2,50,10,12,70976
0.2,50,10,21,74591
0.2,50,10,19,71462
0.2,50,10,25,72150
0.2,50,10,24,70413
0.2,50,10,27,77983
0.2,50,10,28,71078
0.2,50,10,26,75033
0.2,50,10,29,76510
0.2,50,10,22,74332
0.2,50,10,23,72711
0.2,50,20,4,107047
0.2,50,20,5,106712
0.2,50,20,7,104563
0.2,50,20,8,108320
0.2,50,20,11,108969
0.2,50,20,6,103590
0.2,50,20,9,107469
0.2,50,20,10,106978
0.2,50,20,1,108101
0.2,50,20,2,107069
0.2,50,20,0,106547
0.2,50,20,3,106683
0.2,50,20,15,103699
0.2,50,20,14,105190
0.2,50,20,13,111187
0.2,50,20,12,104696
0.2,50,20,17,107675
0.2,50,20,16,105310
0.2,50,20,18,109686
0.2,50,20,20,106265
0.2,50,20,21,109035
0.2,50,20,19,109410
0.2,50,20,27,105843
0.2,50,20,26,109742
0.2,50,20,22,105381
0.2,50,20,23,104964
0.2,50,20,25,103078
0.2,50,20,24,108133
0.2,50,20,28,110745
0.2,50,20,29,108756
0.2,50,30,0,139369
0.2,50,30,4,141391
0.2,50,30,1,138820
0.2,50,30,2,138248
0.2,50,30,5,143164
0.2,100,30,28,413630
0.2,50,30,3,142178
0.2,50,30,7,134050
0.2,50,30,6,135459
0.2,50,30,14,138289
0.2,50,30,15,139009
0.2,50,30,16,136489
0.2,50,30,18,137768
0.2,50,30,17,129524
0.2,50,30,20,139189
0.2,50,30,8,129707
0.2,50,30,22,136447
0.3,5,5,0,1209
0.3,5,5,1,1082
0.3,5,5,2,1113
0.3,5,5,3,1245
0.3,5,5,4,962
0.3,5,5,5,1002
0.3,5,5,6,1060
0.3,5,5,7,1531
0.3,5,5,8,1181
0.3,5,5,9,1053
0.3,5,5,10,1092
0.2,50,30,21,133401
0.3,5,5,12,1131
0.3,5,5,11,826
0.3,5,5,13,1073
0.3,5,5,14,909
0.3,5,5,15,1066
0.3,5,5,16,1346
0.3,5,5,17,1187
0.3,5,5,19,1342
0.3,5,5,18,1123
0.3,5,5,20,1546
0.3,5,5,21,1237
0.3,5,5,22,1291
0.3,5,5,23,1572
0.3,5,5,24,1053
0.3,5,5,25,1426
0.3,5,5,26,1578
0.3,5,5,28,1380
0.3,5,5,27,1213
0.3,5,5,29,1041
0.3,5,10,1,2185
0.3,5,10,0,1852
0.3,5,10,3,2126
0.3,5,10,2,1735
0.3,5,10,4,2255
0.3,5,10,5,2428
0.3,5,10,6,2051
0.3,5,10,7,2193
0.3,5,10,8,2483
0.3,5,10,9,2433
0.3,5,10,10,2004
0.3,5,10,11,2244
0.3,5,10,12,2432
0.3,5,10,14,2335
0.3,5,10,13,2092
0.3,5,10,15,2318
0.3,5,10,16,1948
0.3,5,10,17,1927
0.3,5,10,18,2301
0.3,5,10,19,2315
0.3,5,10,20,1949
0.3,5,10,22,2023
0.3,5,10,21,2281
0.3,5,10,23,2124
0.3,5,10,24,2172
0.3,5,10,25,2029
0.3,5,10,26,2310
0.3,5,10,27,2619
0.3,5,10,28,2353
0.2,50,30,9,139058
0.3,5,10,29,2660
0.3,5,20,0,4287
0.3,5,20,1,4644
0.3,5,20,3,4211
0.3,5,20,2,3544
0.3,5,20,4,4382
0.3,5,20,6,4073
0.3,5,20,5,4897
0.3,5,20,7,3524
0.3,5,20,10,4189
0.3,5,20,8,3780
0.3,5,20,9,4034
0.3,5,20,12,4190
0.2,50,30,11,139805
0.3,5,20,11,4031
0.3,5,20,13,4339
0.3,5,20,14,4340
0.3,5,20,15,3621
0.3,5,20,16,4070
0.3,5,20,17,3756
0.3,5,20,18,4537
0.3,5,20,19,4250
0.3,5,20,20,4132
0.3,5,20,21,4080
0.3,5,20,22,4421
0.3,5,20,23,3650
0.3,5,20,27,4684
0.3,5,20,24,3747
0.3,5,20,25,4122
0.3,5,20,26,3922
0.3,5,20,29,4185
0.3,5,20,28,4188
0.2,50,30,10,141183
0.3,5,30,2,6234
0.3,5,30,0,5497
0.3,5,30,1,6238
0.3,5,30,3,5599
0.3,5,30,4,6004
0.3,5,30,5,5730
0.3,5,30,6,6139
0.3,5,30,7,6079
0.3,5,30,8,6380
0.3,5,30,10,5829
0.3,5,30,9,6323
0.3,5,30,13,6740
0.3,5,30,12,5549
0.3,5,30,11,5687
0.3,5,30,14,6447
0.3,5,30,16,6111
0.3,5,30,15,5579
0.3,5,30,17,5778
0.3,5,30,18,5796
0.3,5,30,19,6048
0.3,5,30,20,6046
0.3,5,30,21,5869
0.3,5,30,23,5171
0.3,5,30,22,5732
0.3,5,30,24,6329
0.3,5,30,27,6309
0.2,50,30,13,132759
0.2,50,30,12,140161
0.3,5,30,25,6153
0.3,5,30,26,5671
0.3,5,30,28,6475
0.3,5,30,29,5743
0.3,100,5,0,162328
0.2,50,30,23,135291
0.3,100,5,3,160776
0.3,100,5,1,164440
0.3,100,5,2,145816
0.3,100,5,4,148117
0.3,100,5,5,161005
0.3,100,5,6,159998
0.2,50,30,19,132750
0.3,100,5,7,154961
0.2,50,30,25,134012
0.3,100,5,9,174545
0.2,50,30,24,136695
0.3,100,5,16,165528
0.2,50,30,26,140733
0.3,100,5,17,158259
0.3,100,5,10,157357
0.3,100,5,11,152987
0.3,100,5,8,164503
0.3,100,5,15,157050
0.3,100,5,12,166490
0.3,100,5,14,157840
0.3,100,5,18,164240
0.3,100,5,13,155602
0.3,100,5,19,168144
0.3,100,5,20,155583
0.3,100,5,21,165127
0.2,50,30,28,137553
0.3,100,5,22,163860
0.2,50,30,27,139309
0.3,100,5,28,163147
0.3,100,5,25,166389
0.3,100,5,24,158281
0.3,100,5,23,163571
0.3,100,5,26,162265
0.3,100,5,29,154476
0.3,100,5,27,155097
0.2,50,30,29,136030
0.2,100,30,26,408343
0.3,100,10,1,208770
0.3,100,10,2,214844
0.3,100,10,4,212502
0.3,100,10,7,209977
0.3,100,10,3,225251
0.3,100,10,6,222909
0.3,100,10,8,208896
0.3,100,10,14,212598
0.3,100,10,5,223766
0.3,100,10,0,198848
0.3,100,10,16,214393
0.3,100,10,17,211790
0.3,100,10,18,215866
0.3,100,10,21,211743
0.3,100,10,20,214133
0.3,100,10,9,211591
0.3,100,10,19,214718
0.3,100,10,10,211715
0.3,100,10,22,208860
0.3,100,10,12,220640
0.3,100,10,13,223748
0.3,100,10,11,217325
0.3,100,10,15,211495
0.3,100,10,23,225136
0.3,100,10,26,213338
0.3,100,10,27,218685
0.3,100,10,28,217129
0.3,100,10,24,208344
0.3,100,10,29,210551
0.3,100,10,25,217226
0.3,100,20,4,289240
0.3,100,20,0,288628
0.3,100,20,9,291736
0.3,100,20,2,290887
0.3,100,20,11,300388
0.3,100,20,12,304057
0.3,100,20,13,289565
0.3,100,20,14,301538
0.3,100,20,10,298725
0.3,100,20,1,296117
0.3,100,20,3,300365
0.3,100,20,5,300949
0.3,100,20,16,300074
0.3,100,20,8,295926
0.3,100,20,6,302778
0.3,100,20,17,296946
0.3,100,20,7,291114
0.3,100,20,18,287856
0.3,100,20,20,293785
0.3,100,20,21,295593
0.3,100,20,22,291156
0.3,100,20,19,305180
0.3,100,20,23,303241
0.3,100,20,15,294073
0.3,100,20,24,297006
0.3,100,20,28,292769
0.3,100,20,25,316393
0.3,100,20,29,301270
0.3,100,20,26,292467
0.3,100,20,27,301712
0.3,100,30,2,375066
0.3,100,30,5,365333
0.3,100,30,4,370114
0.3,100,30,6,369817
0.3,100,30,7,364424
0.3,100,30,8,367094
0.3,100,30,10,365912
0.3,100,30,3,377005
0.3,100,30,11,369298
0.3,100,30,17,368805
0.3,100,30,20,368598
0.3,100,30,18,361154
0.3,100,30,16,369214
0.3,100,30,9,378711
0.3,100,30,19,367980
0.3,10,5,0,3100
0.3,10,5,1,3245
0.3,10,5,2,2751
0.3,10,5,3,3101
0.3,10,5,4,2913
0.3,10,5,5,3517
0.3,10,5,6,3403
0.3,10,5,7,2695
0.3,10,5,8,3382
0.3,10,5,9,3300
0.3,10,5,10,3124
0.3,10,5,11,3516
0.3,10,5,12,3609
0.3,10,5,13,2749
0.3,10,5,14,3158
0.3,10,5,15,3389
0.3,10,5,16,3137
0.3,10,5,17,3452
0.3,10,5,18,3394
0.3,10,5,19,3605
0.3,10,5,20,2793
0.3,10,5,21,2778
0.3,10,5,22,2814
0.3,100,30,22,363098
0.3,10,5,23,3536
0.3,10,5,24,2837
0.3,10,5,26,3064
0.3,10,5,25,3304
0.3,10,5,27,2565
0.3,10,5,28,3617
0.3,10,5,29,3282
0.3,10,10,1,5121
0.3,10,10,0,5209
0.3,10,10,3,4742
0.3,10,10,2,5358
0.3,10,10,5,4739
0.3,10,10,4,4732
0.3,10,10,6,5024
0.3,10,10,8,5059
0.3,10,10,7,4996
0.3,10,10,10,5627
0.3,10,10,9,5472
0.3,10,10,11,6075
0.3,10,10,12,5588
0.3,10,10,13,5391
0.3,10,10,14,5934
0.3,10,10,15,4929
0.3,10,10,16,5801
0.3,10,10,17,4863
0.3,10,10,19,5417
0.3,10,10,18,5132
0.3,10,10,20,6150
0.3,10,10,22,5052
0.3,10,10,21,5252
0.3,10,10,23,5322
0.3,10,10,24,5353
0.3,10,10,25,5844
0.3,10,10,27,5532
0.3,10,10,26,6061
0.3,10,10,28,5465
0.3,10,10,29,5176
0.3,100,30,23,377748
0.3,10,20,0,9709
0.3,10,20,2,11079
0.3,10,20,3,10372
0.3,10,20,1,10326
0.3,10,20,5,9346
0.3,10,20,6,9421
0.3,10,20,4,9486
0.3,10,20,8,9502
0.3,10,20,9,9411
0.3,10,20,7,8441
0.3,10,20,10,9983
0.3,10,20,11,10087
0.3,10,20,13,8915
0.3,10,20,12,9964
0.3,10,20,14,9359
0.3,10,20,15,10004
0.3,10,20,17,9368
0.3,10,20,16,9100
0.3,10,20,18,10467
0.3,10,20,19,9909
0.3,10,20,21,9934
0.3,10,20,20,9594
0.3,10,20,22,10297
0.3,100,30,21,368682
0.3,10,20,23,9326
0.3,10,20,25,9531
0.3,10,20,26,10204
0.3,10,20,24,8916
0.3,10,20,27,9532
0.3,10,20,28,8421
0.3,10,20,29,8488
0.3,10,30,1,13300
0.3,10,30,2,12929
0.3,10,30,3,13620
0.3,10,30,0,14045
0.3,10,30,4,12308
0.3,10,30,5,13314
0.3,10,30,6,13135
0.3,10,30,9,12748
0.3,10,30,8,12980
0.3,10,30,7,13160
0.3,10,30,10,13538
0.3,10,30,11,14815
0.3,10,30,12,13837
0.3,10,30,14,14264
0.3,10,30,13,13661
0.3,10,30,15,12731
0.3,10,30,16,13830
0.3,10,30,18,13993
0.3,10,30,17,13042
0.3,10,30,19,15316
0.3,10,30,21,13927
0.3,10,30,22,14244
0.3,10,30,20,13183
0.3,10,30,23,13085
0.3,10,30,24,15083
0.3,10,30,25,15063
0.3,10,30,26,13442
0.3,20,5,0,9972
0.3,10,30,27,13881
0.3,20,5,1,9057
0.3,20,5,2,10833
0.3,20,5,3,8492
0.3,20,5,4,9505
0.3,20,5,5,9352
0.3,20,5,6,9458
0.3,100,30,24,357381
0.3,10,30,29,14713
0.3,20,5,8,8196
0.3,20,5,9,9593
0.3,20,5,10,8761
0.3,20,5,7,9363
0.3,10,30,28,13246
0.3,20,5,11,11747
0.3,20,5,13,8454
0.3,20,5,14,8360
0.3,20,5,12,7856
0.3,20,5,15,9394
0.3,20,5,16,8761
0.3,20,5,17,9837
0.3,20,5,18,11073
0.3,20,5,19,10643
0.3,20,5,21,9401
0.3,20,5,20,7907
0.3,20,5,23,8059
0.3,20,5,22,8673
0.3,20,5,24,9248
0.3,20,5,25,9146
0.3,20,5,28,8853
0.3,20,5,26,9779
0.3,20,5,27,10283
0.3,20,5,29,9332
0.3,20,10,0,15644
0.3,20,10,1,14812
0.3,20,10,3,14794
0.3,20,10,4,14593
0.3,20,10,2,14109
0.3,20,10,5,14959
0.3,20,10,6,14231
0.3,20,10,7,13493
0.3,20,10,8,14573
0.3,20,10,11,13356
0.3,20,10,9,14379
0.3,20,10,12,16777
0.3,20,10,13,15264
0.3,20,10,10,13814
0.3,20,10,14,14074
0.3,20,10,16,14781
0.3,20,10,17,15321
0.3,20,10,15,14034
0.3,20,10,19,12357
0.3,20,10,20,15410
0.3,20,10,18,15495
0.3,20,10,21,14939
0.3,20,10,23,15905
0.3,20,10,24,14523
0.3,20,10,26,15314
0.3,20,10,22,13834
0.3,20,10,25,14423
0.3,20,10,27,15325
0.3,20,10,28,15135
0.3,20,10,29,14175
0.3,20,20,1,23120
0.3,20,20,3,25954
0.3,20,20,2,23064
0.3,20,20,4,24641
0.3,20,20,0,23174
0.3,20,20,5,21427
0.3,20,20,6,24974
0.3,20,20,7,22958
0.3,20,20,8,25456
0.3,20,20,10,23459
0.3,20,20,12,24842
0.3,20,20,11,24278
0.3,20,20,9,25511
0.3,100,30,1,358972
0.3,20,20,13,23002
0.3,20,20,14,24464
0.3,20,20,16,23336
0.3,20,20,15,25511
0.3,20,20,19,23975
0.3,20,20,20,24536
0.3,20,20,17,24044
0.3,20,20,22,24018
0.3,20,20,18,24783
0.3,20,20,21,25019
0.3,20,20,24,25408
0.3,20,20,26,25224
0.3,20,20,23,25912
0.3,20,20,28,23910
0.3,20,20,25,23924
0.3,20,20,29,22364
0.3,20,20,27,23912
0.3,20,30,0,33012
0.3,20,30,3,36615
0.3,20,30,4,33147
0.3,20,30,1,31032
0.3,20,30,2,33434
0.3,20,30,6,34622
0.3,20,30,5,34704
0.3,20,30,8,31391
0.3,20,30,7,34052
0.3,20,30,10,34116
0.3,100,30,12,360334
0.3,20,30,11,34254
0.3,20,30,13,34929
0.3,20,30,14,32285
0.3,20,30,9,33127
0.3,100,30,15,372591
0.3,20,30,15,32869
0.3,100,30,13,355775
0.3,20,30,17,35788
0.3,20,30,12,33790
0.3,100,30,14,365025
0.3,20,30,18,33618
0.3,20,30,19,31652
0.3,100,30,0,374560
0.3,20,30,16,34839
0.3,20,30,22,30597
0.3,30,5,0,17250
0.3,30,5,1,18004
0.3,30,5,3,16537
0.3,30,5,2,19587
0.3,30,5,4,21353
0.3,30,5,5,21797
0.3,30,5,6,16474
0.3,30,5,8,18001
0.3,30,5,7,20254
0.3,30,5,9,19170
0.3,30,5,10,19557
0.3,30,5,11,17702
0.3,20,30,27,31683
0.3,20,30,20,33888
0.3,20,30,28,30642
0.3,30,5,13,17461
0.3,30,5,12,19754
0.3,30,5,14,20346
0.3,20,30,21,32282
0.3,30,5,15,16413
0.3,30,5,16,17015
0.3,30,5,17,16629
0.3,30,5,18,18398
0.3,30,5,22,17048
0.3,30,5,19,16607
0.3,30,5,23,17405
0.3,30,5,20,19270
0.3,30,5,21,17562
0.3,20,30,23,33608
0.3,20,30,24,33845
0.3,30,5,26,18130
0.3,30,5,27,17371
0.3,30,5,24,21539
0.3,30,5,25,15482
0.3,30,5,29,18999
0.3,30,5,28,18174
0.3,20,30,25,33566
0.3,30,10,1,27701
0.3,30,10,2,26011
0.3,30,10,5,25047
0.3,20,30,26,33872
0.3,30,10,0,26980
0.3,30,10,4,27767
0.3,30,10,3,26042
0.3,30,10,6,27089
0.3,30,10,7,27773
0.3,30,10,9,26047
0.3,30,10,11,27736
0.3,30,10,8,28989
0.3,30,10,10,27307
0.3,20,30,29,34936
0.3,30,10,14,31459
0.3,30,10,18,27280
0.3,30,10,12,30336
0.3,30,10,19,25645
0.3,30,10,13,27876
0.3,30,10,15,25700
0.3,100,30,25,359786
0.3,30,10,21,27375
0.3,30,10,17,26059
0.3,30,10,16,27996
0.3,30,10,23,25538
0.3,30,10,20,26077
0.3,30,10,26,28668
0.3,30,10,24,26973
0.3,30,10,22,27900
0.3,30,10,29,26763
0.3,30,10,25,26736
0.3,30,10,27,28831
0.3,30,10,28,27496
0.3,30,20,0,41706
0.3,30,20,5,45592
0.3,30,20,3,43305
0.3,30,20,8,42949
0.3,30,20,6,43378
0.3,30,20,2,44728
0.3,30,20,1,45263
0.3,30,20,4,45721
0.3,30,20,12,44509
0.3,30,20,7,44387
0.3,30,20,13,45950
0.3,30,20,9,43021
0.3,30,20,10,44209
0.3,30,20,14,43769
0.3,30,20,11,45966
0.3,30,20,15,43771
0.3,30,20,16,45255
0.3,30,20,20,42429
0.3,30,20,25,42359
0.3,30,20,22,45937
0.3,100,30,26,364151
0.3,100,30,27,368782
0.3,30,20,18,44674
0.3,30,20,17,43770
0.3,30,20,28,43942
0.3,30,20,19,44653
0.3,30,20,27,44044
0.3,30,20,23,46953
0.3,30,20,21,43398
0.3,30,20,24,42969
0.3,30,20,26,43511
0.3,30,20,29,45636
0.3,30,30,0,56349
0.3,100,30,28,371786
0.3,30,30,1,60469
0.3,30,30,2,60476
0.3,30,30,6,60953
0.3,30,30,8,57024
0.3,30,30,3,58227
0.3,30,30,13,59256
0.3,30,30,5,58607
0.3,30,30,4,58710
0.3,30,30,7,55976
0.3,30,30,14,61382
0.3,30,30,9,60552
0.3,30,30,16,56072
0.3,30,30,17,56361
0.3,30,30,10,60037
0.3,30,30,15,61480
0.3,30,30,12,61914
0.3,30,30,11,56648
0.3,50,5,0,49887
0.3,30,30,18,58020
0.3,30,30,20,56999
0.3,50,5,1,43845
0.3,50,5,3,43255
0.3,50,5,4,43882
0.3,50,5,2,45952
0.3,50,5,5,42122
0.3,50,5,7,44822
0.3,50,5,8,42492
0.3,50,5,6,44706
0.3,50,5,10,43863
0.3,50,5,9,37431
0.3,50,5,11,47188
0.3,50,5,12,40220
0.3,50,5,14,45475
0.3,50,5,13,43270
0.3,50,5,16,41992
0.3,50,5,17,44617
0.3,50,5,15,46057
0.3,50,5,18,40114
0.3,30,30,19,56893
0.3,50,5,20,45944
0.3,50,5,21,43311
0.3,50,5,19,45654
0.3,50,5,23,39684
0.3,100,30,29,367777
0.3,50,5,25,43498
0.3,50,5,22,48896
0.3,50,5,26,38923
0.3,50,5,24,49456
0.3,50,5,28,52267
0.3,50,5,29,45938
0.3,50,5,27,48271
0.3,30,30,21,58681
0.3,30,30,25,58620
0.3,50,10,0,63898
0.3,50,10,2,61226
0.3,50,10,4,65127
0.3,30,30,28,57185
0.3,50,10,5,63701
0.3,50,10,7,61220
0.3,50,10,3,62566
0.3,50,10,1,62370
0.3,50,10,8,64600
0.3,30,30,27,60038
0.3,50,10,9,68234
0.3,50,10,12,62686
0.3,50,10,11,61811
0.3,50,10,6,61829
0.3,50,10,10,63150
0.3,50,10,13,72875
0.3,50,10,15,63829
0.3,50,10,14,60169
0.3,50,10,18,63595
0.3,50,10,17,60944
0.3,50,10,19,63256
0.3,50,10,21,63031
0.3,50,10,23,60689
0.3,50,10,16,63571
0.3,50,10,24,62016
0.3,30,30,22,58291
0.3,30,30,24,58256
0.3,30,30,23,61051
0.3,50,10,20,64124
0.3,50,10,26,63326
0.3,50,10,25,59779
0.3,30,30,29,59759
0.3,30,30,26,57375
0.3,50,10,27,68620
0.3,50,10,22,66473
0.3,50,10,28,64343
0.3,50,10,29,66700
0.3,50,20,0,92065
0.3,50,20,1,96042
0.3,50,20,9,94383
0.3,50,20,7,93235
0.3,50,20,8,95890
0.3,50,20,12,97531
0.3,50,20,14,93183
0.3,50,20,15,90133
0.3,50,20,2,96528
0.3,50,20,4,96363
0.3,50,20,3,91338
0.3,50,20,6,92940
0.3,50,20,5,93308
0.3,50,20,10,97699
0.3,50,20,16,93689
0.3,50,20,11,96817
0.3,50,20,20,100809
0.3,50,20,13,98176
0.3,50,20,17,96522
0.3,50,20,19,93348
0.3,50,20,18,94406
0.3,50,20,21,97631
0.3,50,20,22,94805
0.3,50,20,23,95515
0.3,50,20,26,98436
0.3,50,20,24,96816
0.3,50,20,25,99713
0.3,50,20,28,94426
0.3,50,20,27,96079
0.3,50,20,29,92492
0.3,50,30,4,122243
0.3,50,30,0,121084
0.3,50,30,5,121714
0.3,50,30,2,122513
0.3,50,30,6,124154
0.3,50,30,7,122632
0.3,50,30,9,127287
0.3,50,30,10,123395
0.3,50,30,8,121017
0.3,50,30,11,119852
0.3,50,30,3,121467
0.3,50,30,17,121672
0.3,50,30,16,124391
0.3,50,30,1,115276
0.3,50,30,18,123385
0.4,5,5,0,877
0.4,5,5,1,921
0.4,5,5,2,1194
0.4,5,5,3,882
0.4,5,5,4,1031
0.4,5,5,5,1108
0.4,5,5,6,1025
0.4,5,5,7,1169
0.4,5,5,8,896
0.4,5,5,9,1170
0.4,5,5,10,762
0.4,5,5,11,1063
0.4,5,5,12,1113
0.4,5,5,13,1006
0.4,5,5,14,969
0.4,5,5,15,546
0.4,5,5,16,838
0.4,5,5,17,945
0.4,5,5,18,1117
0.3,50,30,19,122083
0.4,5,5,20,959
0.4,5,5,19,846
0.4,5,5,21,970
0.4,5,5,22,763
0.4,5,5,23,949
0.4,5,5,25,890
0.4,5,5,24,1014
0.4,5,5,26,1139
0.4,5,5,27,980
0.4,5,5,28,874
0.4,5,5,29,985
0.4,5,10,1,1563
0.4,5,10,0,2123
0.4,5,10,2,2272
0.4,5,10,3,1485
0.4,5,10,4,1473
0.4,5,10,5,2057
0.4,5,10,6,1487
0.4,5,10,7,1653
0.3,50,30,20,121837
0.4,5,10,9,2181
0.4,5,10,8,2061
0.4,5,10,10,2220
0.4,5,10,11,1652
0.4,5,10,13,1563
0.4,5,10,12,2206
0.4,5,10,14,1892
0.4,5,10,15,1406
0.4,5,10,17,1821
0.4,5,10,16,2242
0.4,5,10,18,1958
0.4,5,10,19,2061
0.4,5,10,20,1695
0.4,5,10,21,1455
0.4,5,10,22,2184
0.4,5,10,23,1766
0.4,5,10,24,1955
0.4,5,10,25,1857
0.4,5,10,26,2213
0.4,5,10,29,1718
0.4,5,10,27,1465
0.4,5,10,28,1953
0.4,5,20,0,2886
0.4,5,20,2,4005
0.4,5,20,1,3665
0.4,5,20,4,3693
0.4,5,20,3,3716
0.4,5,20,5,3857
0.4,5,20,6,3603
0.4,5,20,7,3992
0.4,5,20,9,3579
0.4,5,20,8,3134
0.4,5,20,11,3639
0.4,5,20,10,3186
0.4,5,20,12,3627
0.4,5,20,13,3721
0.4,5,20,14,3820
0.4,5,20,16,3545
0.4,5,20,15,3041
0.4,5,20,18,3480
0.4,5,20,17,3367
0.4,5,20,19,3473
0.4,5,20,20,3158
0.4,5,20,21,3735
0.4,5,20,22,3407
0.4,5,20,23,3397
0.4,5,20,24,3689
0.4,5,20,25,3845
0.4,5,20,27,3781
0.4,5,20,26,3536
0.4,5,20,29,3769
0.4,5,20,28,3858
0.4,5,30,1,4938
0.4,5,30,0,5077
0.4,5,30,2,5248
0.4,5,30,3,5385
0.4,5,30,4,4599
0.4,5,30,5,5422
0.4,5,30,6,4397
0.4,5,30,7,5054
0.4,5,30,8,5757
0.3,50,30,21,118823
0.4,5,30,9,4356
0.4,5,30,12,5059
0.4,5,30,10,4886
0.4,5,30,11,5335
0.4,5,30,13,5028
0.4,5,30,14,5358
0.4,5,30,17,5053
0.4,5,30,15,4679
0.4,5,30,16,5440
0.4,5,30,18,5790
0.4,5,30,19,5039
0.4,5,30,22,4830
0.4,5,30,20,5287
0.4,5,30,23,5279
0.4,5,30,21,5169
0.4,5,30,24,6028
0.4,5,30,26,5427
0.3,50,30,12,125243
0.4,5,30,25,4924
0.4,5,30,28,5516
0.4,5,30,27,4878
0.4,5,30,29,5279
0.3,50,30,23,120886
0.4,100,5,2,127169
0.4,100,5,3,137363
0.4,100,5,0,121701
0.4,100,5,5,136768
0.4,100,5,4,137435
0.4,100,5,1,123022
0.4,100,5,8,134435
0.4,100,5,7,133899
0.4,100,5,9,131731
0.4,100,5,6,124559
0.4,100,5,10,143169
0.3,50,30,15,121592
0.4,100,5,13,135237
0.4,100,5,12,136138
0.3,50,30,13,122333
0.3,50,30,24,124265
0.4,100,5,14,155574
0.4,100,5,11,131779
0.4,100,5,15,141307
0.4,100,5,16,140670
0.4,100,5,18,128642
0.4,100,5,19,143790
0.4,100,5,21,126112
0.4,100,5,17,141211
0.4,100,5,24,129379
0.3,50,30,25,122079
0.4,100,5,20,132140
0.4,100,5,25,130504
0.4,100,5,26,131189
0.4,100,5,27,136410
0.4,100,5,22,133773
0.3,50,30,27,120556
0.4,100,5,28,138904
0.4,100,5,23,127707
0.3,50,30,29,114579
0.4,100,5,29,133827
0.3,50,30,22,126955
0.4,100,10,0,181663
0.4,100,10,1,171473
0.4,100,10,7,183603
0.4,100,10,8,183156
0.4,100,10,5,177675
0.4,100,10,3,181107
0.4,100,10,4,180481
0.4,100,10,6,183403
0.4,100,10,9,193303
0.4,100,10,10,185050
0.3,50,30,14,119984
0.4,100,10,2,187263
0.4,100,10,13,193951
0.4,100,10,17,177903
0.4,100,10,15,180453
0.4,100,10,19,176431
0.4,100,10,16,181389
0.4,100,10,18,199787
0.3,50,30,26,118715
0.4,100,10,11,175708
0.3,50,30,28,124195
0.4,100,10,14,185363
0.4,100,10,21,185279
0.4,100,10,22,184065
0.4,100,10,12,180490
0.4,100,10,25,187240
0.4,100,10,26,184131
0.4,100,10,20,176343
0.4,100,10,29,191402
0.4,100,10,27,185547
0.4,100,10,28,177320
0.4,100,10,23,176824
0.4,100,10,24,182298
0.4,100,20,6,258987
0.4,100,20,4,263715
0.4,100,20,5,261432
0.4,100,20,0,257226
0.4,100,20,11,258308
0.4,100,20,8,264960
0.4,100,20,12,260103
0.4,100,20,13,250201
0.4,100,20,9,272574
0.4,100,20,1,257676
0.4,100,20,17,256227
0.4,100,20,3,265106
0.4,100,20,18,251835
0.4,100,20,2,260899
0.4,100,20,19,247206
0.4,100,20,21,252725
0.4,100,20,22,248658
0.4,100,20,16,268534
0.4,100,20,20,269209
0.4,100,20,23,258040
0.4,100,20,7,252473
0.4,100,20,10,241234
0.4,100,20,14,257497
0.4,100,20,15,259057
0.4,100,20,24,259787
0.4,100,20,26,255321
0.4,100,20,28,255228
0.4,100,20,25,248064
0.4,100,20,29,262320
0.4,100,20,27,249748
0.4,100,30,0,321046
0.4,100,30,2,317523
0.4,100,30,3,311665
0.4,100,30,5,323656
0.4,100,30,1,321952
0.4,100,30,4,323919
0.4,100,30,11,318251
0.4,100,30,12,329506
0.4,100,30,10,334468
0.4,100,30,18,342303
0.4,100,30,17,329444
0.4,100,30,19,320667
0.4,100,30,7,314870
0.4,100,30,6,324174
0.4,100,30,16,313784
0.4,10,5,0,2353
0.4,10,5,1,2251
0.4,10,5,2,2602
0.4,10,5,3,2625
0.4,10,5,4,2694
0.4,10,5,5,2431
0.4,10,5,6,3201
0.4,10,5,7,3124
0.4,10,5,8,2859
0.4,10,5,9,2723
0.4,10,5,10,2462
0.4,10,5,11,2378
0.4,10,5,12,2389
0.4,10,5,13,3106
0.4,10,5,14,2935
0.4,10,5,15,2576
0.4,10,5,16,2404
0.4,10,5,17,2484
0.4,10,5,18,2410
0.4,10,5,19,3009
0.4,10,5,20,2466
0.4,10,5,21,2811
0.4,10,5,22,2628
0.4,10,5,23,1931
0.4,10,5,24,2272
0.4,10,5,25,2140
0.4,10,5,26,3097
0.4,10,5,27,2362
0.4,10,5,28,2690
0.4,10,5,29,2261
0.4,10,10,0,5012
0.4,10,10,1,5392
0.4,10,10,2,4126
0.4,10,10,3,5215
0.4,10,10,4,4432
0.4,10,10,5,4055
0.4,10,10,6,4187
0.4,10,10,7,5093
0.4,10,10,8,4725
0.4,10,10,9,5187
0.4,10,10,10,5234
0.4,10,10,11,4671
0.4,100,30,21,330534
0.4,10,10,12,4198
0.4,100,30,8,308355
0.4,10,10,14,5045
0.4,10,10,13,4208
0.4,10,10,15,4345
0.4,10,10,16,4525
0.4,10,10,17,4621
0.4,10,10,20,4719
0.4,10,10,18,4766
0.4,10,10,19,4506
0.4,10,10,21,5121
0.4,10,10,22,4333
0.4,10,10,24,4656
0.4,10,10,23,5126
0.4,100,30,20,330736
0.4,10,10,26,4791
0.4,10,10,25,4829
0.4,10,10,27,4328
0.4,10,10,29,4623
0.4,100,30,9,328823
0.4,10,10,28,3983
0.4,10,20,0,7568
0.4,10,20,2,9186
0.4,10,20,1,8783
0.4,10,20,5,8989
0.4,10,20,3,9221
0.4,10,20,4,8375
0.4,10,20,6,7876
0.4,10,20,8,8599
0.4,10,20,11,8547
0.4,10,20,7,8226
0.4,10,20,10,8068
0.4,10,20,9,8318
0.4,10,20,12,8523
0.4,10,20,15,8126
0.4,10,20,17,8432
0.4,10,20,13,8625
0.4,10,20,14,8754
0.4,10,20,16,8719
0.4,10,20,18,8574
0.4,10,20,19,9834
0.4,10,20,20,8466
0.4,10,20,23,8030
0.4,10,20,24,7350
0.4,10,20,21,7352
0.4,10,20,22,8259
0.4,10,20,26,8885
0.4,10,20,27,7573
0.4,10,20,25,8319
0.4,10,20,28,8434
0.4,10,20,29,9042
0.4,10,30,0,11333
0.4,10,30,1,11590
0.4,10,30,2,11509
0.4,10,30,5,13036
0.4,10,30,3,11451
0.4,10,30,4,11992
0.4,10,30,6,10980
0.4,10,30,8,11587
0.4,10,30,11,12431
0.4,10,30,7,11839
0.4,10,30,12,11533
0.4,10,30,9,11610
0.4,10,30,10,11636
0.4,10,30,13,12517
0.4,10,30,15,12495
0.4,10,30,14,10917
0.4,10,30,18,10990
0.4,10,30,16,12479
0.4,10,30,17,11488
0.4,10,30,19,11806
0.4,10,30,20,11139
0.4,10,30,21,12146
0.4,10,30,24,12131
0.4,10,30,25,13294
0.4,10,30,22,11405
0.4,10,30,23,11778
0.4,20,5,0,7810
0.4,20,5,1,7444
0.4,10,30,27,11546
0.4,20,5,2,8273
0.4,20,5,3,5820
0.4,20,5,4,8560
0.4,10,30,26,11984
0.4,20,5,5,8220
0.4,20,5,7,6961
0.4,20,5,6,7582
0.4,10,30,28,11275
0.4,20,5,8,7933
0.4,20,5,9,8273
0.4,20,5,10,8111
0.4,20,5,11,8265
0.4,100,30,22,330250
0.4,20,5,12,7327
0.4,20,5,14,7265
0.4,20,5,15,7096
0.4,20,5,13,7521
0.4,20,5,16,8881
0.4,20,5,17,7688
0.4,20,5,18,7147
0.4,20,5,19,5623
0.4,10,30,29,11840
0.4,20,5,21,7041
0.4,20,5,20,6803
0.4,20,5,22,8896
0.4,20,5,24,8265
0.4,20,5,23,8070
0.4,20,5,27,7602
0.4,20,5,26,7745
0.4,20,5,25,8097
0.4,20,5,29,7163
0.4,20,5,28,7643
0.4,20,10,1,13109
0.4,20,10,5,12338
0.4,20,10,0,12029
0.4,20,10,2,12566
0.4,20,10,3,14462
0.4,20,10,4,12028
0.4,20,10,6,13179
0.4,20,10,7,11787
0.4,20,10,9,12368
0.4,20,10,13,13794
0.4,20,10,8,11532
0.4,20,10,10,11583
0.4,20,10,12,13840
0.4,20,10,11,13014
0.4,20,10,14,12134
0.4,20,10,18,12590
0.4,20,10,15,11832
0.4,20,10,16,12984
0.4,20,10,20,12649
0.4,20,10,17,13175
0.4,20,10,19,13614
0.4,20,10,21,12541
0.4,20,10,24,12344
0.4,100,30,23,325534
0.4,20,10,27,11267
0.4,20,10,23,12758
0.4,20,10,22,12679
0.4,20,10,25,11146
0.4,20,10,26,12797
0.4,20,10,28,11992
0.4,20,10,29,11978
0.4,20,20,0,20240
0.4,20,20,6,23642
0.4,20,20,5,21654
0.4,20,20,2,20168
0.4,20,20,1,21588
0.4,20,20,3,19774
0.4,20,20,4,19117
0.4,20,20,7,20851
0.4,20,20,9,21790
0.4,20,20,10,23185
0.4,20,20,8,20104
0.4,20,20,14,22357
0.4,20,20,15,22062
0.4,20,20,16,21023
0.4,20,20,11,21967
0.4,20,20,12,21782
0.4,20,20,13,20835
0.4,20,20,18,21193
0.4,20,20,19,21177
0.4,20,20,20,21001
0.4,20,20,17,20464
0.4,20,20,24,20574
0.4,20,20,25,21633
0.4,20,20,21,21423
0.4,20,20,22,20642
0.4,20,20,23,20384
0.4,20,20,26,21091
0.4,20,20,28,21517
0.4,20,20,29,21948
0.4,20,20,27,20510
0.4,20,30,3,31232
0.4,20,30,5,29763
0.4,20,30,6,29588
0.4,20,30,4,29881
0.4,20,30,0,28169
0.4,20,30,1,28514
0.4,20,30,2,29813
0.4,20,30,7,29400
0.4,20,30,9,29703
0.4,20,30,8,29186
0.4,20,30,10,28935
0.4,20,30,14,29395
0.4,20,30,15,30696
0.4,20,30,16,30371
0.4,20,30,12,30092
0.4,20,30,11,29396
0.4,20,30,13,31294
0.4,20,30,17,27140
0.4,20,30,18,29581
0.4,20,30,19,28680
0.4,20,30,20,29222
0.4,20,30,24,26968
0.4,20,30,25,27977
0.4,20,30,26,28270
0.4,30,5,0,17825
0.4,20,30,27,30458
0.4,20,30,21,29262
0.4,20,30,22,30513
0.4,30,5,1,14136
0.4,30,5,2,13576
0.4,30,5,3,13903
0.4,30,5,5,14263
0.4,30,5,4,13421
0.4,20,30,23,28150
0.4,30,5,8,15009
0.4,30,5,6,15287
0.4,30,5,7,13757
0.4,30,5,9,16693
0.4,30,5,11,15180
0.4,30,5,10,15214
0.4,30,5,12,14555
0.4,30,5,15,14107
0.4,30,5,13,15550
0.4,30,5,14,17805
0.4,20,30,29,28390
0.4,30,5,16,13493
0.4,20,30,28,29343
0.4,30,5,17,15524
0.4,30,5,18,16469
0.4,30,5,19,11704
0.4,30,5,20,17420
0.4,30,5,21,17020
0.4,30,5,24,16225
0.4,30,5,22,14098
0.4,30,5,25,16764
0.4,30,5,23,14416
0.4,30,5,28,14995
0.4,30,5,26,13127
0.4,30,5,27,16331
0.4,30,5,29,15654
0.4,30,10,1,22500
0.4,30,10,2,20922
0.4,30,10,6,23241
0.4,30,10,3,24142
0.4,30,10,0,22709
0.4,100,30,24,335955
0.4,30,10,4,22673
0.4,30,10,5,23811
0.4,30,10,8,23418
0.4,30,10,9,24506
0.4,30,10,10,23983
0.4,30,10,12,23316
0.4,30,10,7,21188
0.4,30,10,15,24319
0.4,30,10,11,23620
0.4,30,10,16,23357
0.4,30,10,17,22515
0.4,30,10,13,24196
0.4,30,10,14,23230
0.4,30,10,18,23269
0.4,30,10,20,26774
0.4,30,10,19,23579
0.4,30,10,23,22864
0.4,30,10,26,23315
0.4,30,10,21,23268
0.4,30,10,28,21687
0.4,30,10,22,23136
0.4,30,10,24,22716
0.4,30,10,25,25063
0.4,30,10,27,24064
0.4,30,10,29,23527
0.4,100,30,14,325827
0.4,100,30,13,327413
0.4,30,20,2,39096
0.4,30,20,0,36088
0.4,30,20,3,38783
0.4,30,20,7,35287
0.4,30,20,6,37200
0.4,100,30,15,325009
0.4,100,30,25,346294
0.4,30,20,1,36273
0.4,30,20,4,35197
0.4,30,20,5,38970
0.4,30,20,12,37435
0.4,30,20,11,36572
0.4,30,20,13,37462
0.4,100,30,26,334684
0.4,30,20,8,36842
0.4,30,20,10,38810
0.4,30,20,14,36417
0.4,30,20,9,41374
0.4,30,20,16,38765
0.4,30,20,21,39494
0.4,30,20,20,37336
0.4,100,30,27,322174
0.4,30,20,22,38583
0.4,30,20,15,37938
0.4,30,20,25,37746
0.4,30,20,26,34555
0.4,30,20,18,37462
0.4,30,20,27,38480
0.4,30,20,17,36690
0.4,30,20,19,35514
0.4,30,20,23,37642
0.4,30,20,29,37868
0.4,30,20,28,38350
0.4,30,20,24,38661
0.4,30,30,0,51025
0.4,30,30,1,49466
0.4,30,30,2,50481
0.4,30,30,7,50831
0.4,30,30,5,50994
0.4,30,30,4,49341
0.4,30,30,12,48523
0.4,30,30,11,51302
0.4,30,30,3,50609
0.4,30,30,6,51508
0.4,30,30,16,48265
0.4,30,30,10,49089
0.4,30,30,14,51895
0.4,30,30,9,51361
0.4,30,30,8,49111
0.4,30,30,17,48614
0.4,30,30,13,49934
0.4,30,30,19,51053
0.4,30,30,18,52010
0.4,50,5,1,37027
0.4,50,5,0,38593
0.4,50,5,2,33055
0.4,30,30,20,53003
0.4,50,5,3,32513
0.4,50,5,5,40619
0.4,50,5,6,33948
0.4,50,5,4,37530
0.4,50,5,7,41244
0.4,100,30,28,313032
0.4,50,5,8,38080
0.4,50,5,9,40377
0.4,30,30,15,52000
0.4,50,5,11,33477
0.4,50,5,10,35349
0.4,50,5,12,37047
0.4,50,5,13,39750
0.4,50,5,15,36694
0.4,50,5,14,35901
0.4,50,5,16,38137
0.4,30,30,21,52324
0.4,50,5,19,34424
0.4,50,5,17,35423
0.4,50,5,22,44275
0.4,50,5,20,38190
0.4,50,5,21,37045
0.4,50,5,23,36129
0.4,50,5,18,34064
0.4,50,5,24,35497
0.4,50,5,26,39158
0.4,50,5,27,40383
0.4,50,5,28,37724
0.4,50,5,29,36738
0.4,50,5,25,40276
0.4,30,30,24,51914
0.4,50,10,1,58815
0.4,50,10,3,54757
0.4,50,10,5,53168
0.4,50,10,2,56721
0.4,50,10,6,53425
0.4,30,30,29,49768
0.4,50,10,4,52359
0.4,50,10,0,52212
0.4,30,30,27,50688
0.4,50,10,7,52993
0.4,50,10,8,53210
0.4,50,10,9,54130
0.4,50,10,10,55282
0.4,50,10,11,52758
0.4,30,30,26,54314
0.4,50,10,13,50310
0.4,50,10,12,54005
0.4,50,10,14,59000
0.4,50,10,17,55043
0.4,50,10,16,54653
0.4,50,10,18,52107
0.4,50,10,19,53035
0.4,30,30,22,49581
0.4,50,10,20,53926
0.4,50,10,21,55972
0.4,30,30,23,53491
0.4,50,10,23,55233
0.4,30,30,25,51622
0.4,50,10,15,53674
0.4,50,10,24,52972
0.4,50,10,25,51255
0.4,50,10,26,60574
0.4,30,30,28,53873
0.4,50,10,28,51485
0.4,50,10,29,51325
0.4,50,10,27,53246
0.4,50,10,22,52721
0.4,50,20,1,83278
0.4,50,20,2,79392
0.4,50,20,7,82645
0.4,50,20,9,84675
0.4,50,20,8,83032
0.4,50,20,12,87852
0.4,50,20,11,77657
0.4,50,20,13,87286
0.4,50,20,4,85102
0.4,50,20,0,76872
0.4,50,20,3,83829
0.4,50,20,6,83504
0.4,50,20,16,84266
0.4,50,20,15,81529
0.4,50,20,5,81397
0.4,50,20,10,80352
0.4,50,20,18,81595
0.4,50,20,17,78078
0.4,50,20,21,82530
0.4,50,20,22,79594
0.4,50,20,20,80811
0.4,50,20,19,82783
0.4,50,20,23,79185
0.4,50,20,28,82258
0.4,50,20,14,79354
0.4,50,20,27,80942
0.4,50,20,24,80935
0.4,50,20,25,80249
0.4,50,20,26,85744
0.4,50,20,29,82752
0.4,50,30,3,110381
0.4,50,30,1,109122
0.4,50,30,5,105009
0.4,50,30,2,112630
0.4,50,30,6,107794
0.4,50,30,4,108300
0.4,50,30,8,105840
0.4,50,30,7,102578
0.4,50,30,10,106471
0.4,100,30,29,323083
0.4,50,30,0,104750
0.4,50,30,15,108813
0.4,50,30,16,108594
0.4,50,30,19,104789
0.4,50,30,18,110100
0.4,50,30,17,109249
0.4,50,30,9,109646
0.4,50,30,20,109606
0.4,50,30,23,103852
0.4,50,30,22,108241
0.4,50,30,21,100654
0.4,50,30,14,109241
0.4,50,30,13,105943
0.4,50,30,11,106380
0.4,50,30,12,103277
0.4,50,30,27,112386
0.4,50,30,24,106873
0.4,50,30,26,107960
0.4,50,30,25,113696
0.4,50,30,28,109258
0.4,50,30,29,105850
